source_id,outlet_profile_id,outlet,country,region,outlet_type,ground_news_status,bias_raw,bias_bucket_3,factuality,quality,publication_date,source_roles,title,url
SRC-0030C941D433,OUTLET-F64912F9C404,AWS Registry / NASA OPERA,,GLOBAL_INTERNATIONAL,PUBLISHER_OR_TECHNICAL_SOURCE,NOT_RATED,,,,A,,SATELLITE_IMAGERY|BACKGROUND_ONLY,OPERA Radiometric Terrain Corrected Sentinel-1 SAR Backscatter,https://registry.opendata.aws/nasa-operal2rtc-s1v1
SRC-005D46FC622B,OUTLET-2DEF72C3D2FC,U.S. Department of State (archived),United States,NORTH_AMERICA,OFFICIAL_GOVERNMENT,NOT_APPLICABLE,,,,A,2024-09-27,OFFICIAL_STATEMENT|PREWAR_PLANNING|FORCE_POSTURE,Joint Statement Announcing the Timeline for the End of the Military Mission of the Global Coalition to Defeat ISIS in Iraq,https://2021-2025.state.gov/joint-statement-announcing-the-timeline-for-the-end-of-the-military-mission-of-the-global-coalition-to-defeat-isis-in-iraq/
SRC-00821B01F6B1,OUTLET-4A3C929C9106,AWS Registry of Open Data / ICEYE,,GLOBAL_INTERNATIONAL,PUBLISHER_OR_TECHNICAL_SOURCE,NOT_RATED,,,,A,,SATELLITE_IMAGERY|BACKGROUND_ONLY,ICEYE Synthetic Aperture Radar (SAR) Open Dataset,https://registry.opendata.aws/iceye-opendata
SRC-0091C751FF2A,OUTLET-2803E1E76B74,USGS,United States,NORTH_AMERICA,TECHNICAL_GOVERNMENT,NOT_APPLICABLE,,,,A,,SATELLITE_IMAGERY|BACKGROUND_ONLY,Landsat Data Access,https://www.usgs.gov/landsat-missions/landsat-data-access
SRC-00FF7E1E6EA4,OUTLET-08D885F02A20,Lead Stories,,GLOBAL_INTERNATIONAL,PUBLISHER_OR_TECHNICAL_SOURCE,NOT_RATED,,,,B,2026-04,DEBUNK|MEDIA_FORENSICS,Fact Check: Fake image shows captured American in Iran,https://leadstories.com/hoax-alert/2026/04/fact-check-fake-image-shows-captured-american-in-iran-wearing-authentic-us-military-uniform.html
SRC-03092951A37F,OUTLET-09909245C5DE,Bulgarian News Agency,Bulgaria,EUROPE,NEWS_AGENCY,NOT_RATED,,,,B,2026-08-19,FORCE_POSTURE|REGIONAL_CORROBORATION|OFFICIAL_STATEMENT,Defence minister rules out direct national security risk for Bulgaria after reports of possible Iranian threat,https://www.bta.bg/en/news/world/1188391-defence-minister-rules-out-direct-national-security-risk-for-bulgaria-after-repo
SRC-03F069A69AAF,OUTLET-7B62913B395D,Press TV,Iran,MIDDLE_EAST_NORTH_AFRICA,STATE_MEDIA,NOT_RATED,,,,C,2026-04-09,CLAIM_ORIGIN|REGIONAL_CORROBORATION,What happened in Isfahan? A US pilot rescue mission or search for uranium?,https://www.presstv.ir/Detail/2026/04/09/766530/what-happened-isfahan-us-pilot-rescue-mission-search-uranium
SRC-040789CFC9C0,OUTLET-5AB376D8ECBA,The Washington Post,United States,NORTH_AMERICA,NEWSPAPER,RATED,LEAN LEFT,LEFT,High,A,2026-03-02,INDEPENDENT_CONFIRMATION|COUNTEREVIDENCE|TECHNICAL_ANALYSIS,Video analysis of U.S. F-15 losses over Kuwait,https://www.washingtonpost.com/investigations/2026/03/02/us-fighter-jets-crash-kuwait-iran-f15
SRC-0452986B8755,OUTLET-A2659B7E6B80,Umbra,,GLOBAL_INTERNATIONAL,PUBLISHER_OR_TECHNICAL_SOURCE,NOT_RATED,,,,A,,SATELLITE_IMAGERY|BACKGROUND_ONLY,Open Data Program,https://umbra.space/open-data
SRC-0561D46C2441,OUTLET-234330834C41,Reuters,United Kingdom,EUROPE,WIRE_SERVICE,RATED,CENTER,CENTER,Very High,B,2026-01-14,PREWAR_PLANNING|FORCE_POSTURE,"Some personnel advised to leave US military base in Qatar, diplomats say",https://www.reuters.com/world/middle-east/some-personnel-were-advised-leave-us-military-base-qatar-diplomats-tell-reuters-2026-01-14/
SRC-05EC0662B7EC,OUTLET-234330834C41,Reuters,United Kingdom,EUROPE,WIRE_SERVICE,RATED,CENTER,CENTER,Very High,B,2026-07-09,BDA|CLAIM_ORIGIN|SHIPPING_DATA,Iran says it hits US military targets in Gulf,https://www.reuters.com/world/middle-east/iran-says-it-hits-us-military-targets-gulf-prepares-bury-slain-leader-2026-07-09/
SRC-07FE627C1B90,OUTLET-6F6CE80A78C7,The National,United Arab Emirates,MIDDLE_EAST_NORTH_AFRICA,NEWSPAPER,RATED,CENTER,CENTER,High,B,2026-07-17,REGIONAL_CORROBORATION|LATER_OUTCOME|DIPLOMATIC_POSITION,US-Iran memorandum promised 60 days of calm - it became focus of conflict instead,https://www.thenationalnews.com/news/mena/2026/07/17/us-iran-deal-promised-60-days-of-calm-instead-it-provoked-more-conflict/
SRC-083C057F9F6B,OUTLET-A51B5D59B93F,Iran International,,GLOBAL_INTERNATIONAL,BROADCASTER,NOT_RATED,,,,B,2026-08-15,CLAIM_ORIGIN|REGIONAL_CORROBORATION,Iranian official claims three pilots captured alive; Qatar denies,https://www.iranintl.com/en/202608150747
SRC-087E077D488F,OUTLET-234330834C41,Reuters,United Kingdom,EUROPE,WIRE_SERVICE,RATED,CENTER,CENTER,Very High,B,2026-08-22,FORCE_POSTURE|INDEPENDENT_CONFIRMATION,Two U.S. tanker aircraft leave Bulgaria a month after deployment upset Iran,https://www.reuters.com/business/aerospace-defense/two-us-tanker-aircraft-leave-bulgaria-month-after-deployment-upset-iran-2026-08-22
SRC-08F854FB61B7,OUTLET-234330834C41,Reuters,United Kingdom,EUROPE,WIRE_SERVICE,RATED,CENTER,CENTER,Very High,A,2026-03-27,INDEPENDENT_CONFIRMATION|TECHNICAL_ANALYSIS|BDA|LATER_OUTCOME,"U.S. can only confirm about a third of Iran's missile arsenal destroyed, sources say",https://www.reuters.com/world/middle-east/us-can-only-confirm-about-third-irans-missile-arsenal-destroyed-sources-say-2026-03-27/
SRC-0989970823E0,OUTLET-234330834C41,Reuters,United Kingdom,EUROPE,WIRE_SERVICE,RATED,CENTER,CENTER,Very High,B,2026-05-28,DIPLOMATIC_POSITION|LATER_OUTCOME|SHIPPING_DATA,"Iran, US trade air strikes as provisional Hormuz deal awaits approval",https://www.reuters.com/world/middle-east/iran-us-trade-air-strikes-after-trump-dismisses-report-hormuz-deal-2026-05-28/
SRC-0A8D55737F6E,OUTLET-234330834C41,Reuters,United Kingdom,EUROPE,WIRE_SERVICE,RATED,CENTER,CENTER,Very High,C,2026-03-31,CLAIM_ORIGIN|DIPLOMATIC_POSITION,"Trump tells aides he is willing to end Iran war without reopening Hormuz, WSJ reports",https://www.reuters.com/world/us/trump-tells-aides-he-is-willing-end-iran-war-without-reopening-hormuz-wsj-2026-03-31/
SRC-0AD1D2E747EC,OUTLET-BA8751ED6C4F,CSIS,United States,NORTH_AMERICA,THINK_TANK,NOT_APPLICABLE,,,,B,2025-02-19,TECHNICAL_ANALYSIS|ECONOMIC_DATA,Calculating the Cost-Effectiveness of Russia's Drone Strikes,https://www.csis.org/analysis/calculating-cost-effectiveness-russias-drone-strikes
SRC-0C0023C8A3BF,OUTLET-4B1E7DD7BAD7,Xinhua,China,EAST_ASIA,NEWS_OUTLET,NOT_RATED,,,,B,2026-04-06,CLAIM_ORIGIN|REGIONAL_CORROBORATION,Iran raises possibility U.S. rescue was deception to steal uranium,https://english.news.cn/20260406/6146c0f1827343b393a80518f3e65b56/c.html
SRC-0F0B6070FCF6,OUTLET-234330834C41,Reuters,United Kingdom,EUROPE,WIRE_SERVICE,RATED,CENTER,CENTER,Very High,B,2026-03-24,DIPLOMATIC_POSITION|ECONOMIC_DATA,Oil prices fall on prospect of Middle East ceasefire easing supply disruption,https://www.reuters.com/business/energy/us-oil-prices-fall-prospect-middle-east-ceasefire-easing-supply-disruption-2026-03-24/
SRC-107ADCD0AB0C,OUTLET-234330834C41,Reuters,United Kingdom,EUROPE,WIRE_SERVICE,RATED,CENTER,CENTER,Very High,B,2026-06-17,OFFICIAL_STATEMENT|DIPLOMATIC_POSITION,"Iran MOU was signed by Trump and Iranian president, US official says",https://www.reuters.com/world/middle-east/iran-mou-was-signed-wednesday-by-trump-iran-president-us-official-says-2026-06-17/
SRC-1168EB0594C5,OUTLET-234330834C41,Reuters,United Kingdom,EUROPE,WIRE_SERVICE,RATED,CENTER,CENTER,Very High,B,2026-08-17,HISTORICAL_CONTEXT|ECONOMIC_DATA|TECHNICAL_ANALYSIS,"New Syria-Iraq crude pipeline still years away, sources say",https://www.reuters.com/business/energy/new-syria-iraq-crude-pipeline-still-years-away-sources-say-2026-08-17
SRC-1185C28B7D9A,OUTLET-5FF27381AB8C,Qatar Ministry of Foreign Affairs,,GLOBAL_INTERNATIONAL,OFFICIAL_OR_TECHNICAL,NOT_APPLICABLE,,,,A,2026-04-06,OFFICIAL_STATEMENT|DIPLOMATIC_POSITION,Prime Minister and Minister of Foreign Affairs Receives Phone Call from Iran’s Foreign Minister,https://mofa.gov.qa/en/qatar/latest-articles/latest-news/details/2026/04/06/prime-minister-and-minister-of-foreign-affairs-receives-phone-call-from-iran%27s-foreign-minister
SRC-12AF87A440B4,OUTLET-AB4BB595E328,U.S. Army / CENTCOM,,GLOBAL_INTERNATIONAL,OFFICIAL_OR_TECHNICAL,NOT_APPLICABLE,,,,A,2026-07-12,OFFICIAL_STATEMENT|BDA,CENTCOM Corsair strike video at Bandar Abbas,https://www.7atc.army.mil/Media-News/Video/dvpmoduleid/4969/videoid/1014441
SRC-1393F5EA63DF,OUTLET-234330834C41,Reuters,United Kingdom,EUROPE,WIRE_SERVICE,RATED,CENTER,CENTER,Very High,A,2026-03-26,INDEPENDENT_CONFIRMATION|LATER_OUTCOME,U.S. confirms death of IRGC Navy commander Tangsiri,https://www.reuters.com/world/middle-east/us-confirms-death-iranian-irgc-naval-commander-2026-03-26
SRC-13A00984DC6B,OUTLET-BA8751ED6C4F,CSIS,United States,NORTH_AMERICA,THINK_TANK,NOT_APPLICABLE,,,,A,2025-10-10,HISTORICAL_CONTEXT|FORCE_POSTURE|TECHNICAL_ANALYSIS,Air Superiority in the Twenty-First Century: Lessons from Iran and Ukraine,https://www.csis.org/analysis/air-superiority-twenty-first-century-lessons-iran-and-ukraine
SRC-13C29898FA62,OUTLET-234330834C41,Reuters,United Kingdom,EUROPE,WIRE_SERVICE,RATED,CENTER,CENTER,Very High,B,2026-03-16,DIPLOMATIC_POSITION|FORCE_POSTURE|REGIONAL_CORROBORATION,Trump demands others help secure Strait of Hormuz; allies say no plans to send warships,https://www.reuters.com/business/energy/trump-demands-others-help-secure-strait-hormuz-japan-australia-say-no-plans-send-2026-03-16/
SRC-1441BB878149,OUTLET-AA437F617622,Tasnim News Agency,,GLOBAL_INTERNATIONAL,STATE_MEDIA,NOT_RATED,,,,C,2026-03-15,CLAIM_ORIGIN,Source: US or Israel Behind Attack on Erbil’s Lanaz Refinery,https://www.tasnimnews.ir/en/news/2026/03/15/3540997/source-us-or-israel-behind-attack-on-erbil-s-lanaz-refinery
SRC-1447993730D6,OUTLET-7B62913B395D,Press TV,Iran,MIDDLE_EAST_NORTH_AFRICA,STATE_MEDIA,NOT_RATED,,,,C,2026-03-21,CLAIM_ORIGIN,Silence of the stealth: How Iran shattered the 'invincibility' of US F-35 fighter jet,https://www.presstv.ir/Detail/2026/03/21/765634/silence-of-stealth-how-iran-shatteredinvincibility-us-f35-fighter-jet
SRC-14B6DC8A760C,OUTLET-7F64C89EC90F,Center for Strategic and International Studies (CSIS),,GLOBAL_INTERNATIONAL,PUBLISHER_OR_TECHNICAL_SOURCE,NOT_RATED,,,,B,2026-04-21,TECHNICAL_ANALYSIS|MUNITIONS_EXPENDITURE,Last Rounds? Status of Key Munitions at the Iran War Ceasefire,https://www.csis.org/analysis/last-rounds-status-key-munitions-iran-war-ceasefire
SRC-14E3846F6349,OUTLET-CB3434AB0416,Office of Naval Intelligence via USNI News,,GLOBAL_INTERNATIONAL,NEWS_OUTLET,NOT_RATED,,,,A,2017-02-01,HISTORICAL_CONTEXT|TECHNICAL_ANALYSIS|FORCE_POSTURE,Iranian Naval Forces: A Tale of Two Navies,https://news.usni.org/wp-content/uploads/2017/03/Iran-022217SP.pdf
SRC-1531FAADFF52,OUTLET-234330834C41,Reuters,United Kingdom,EUROPE,WIRE_SERVICE,RATED,CENTER,CENTER,Very High,A,2026-06-29,INDEPENDENT_CONFIRMATION|TECHNICAL_ANALYSIS|DIPLOMATIC_POSITION,What’s in the deal between Israel and Lebanon?,https://www.reuters.com/world/middle-east/whats-deal-between-israel-lebanon-2026-06-29/
SRC-17A8BAFE71BD,OUTLET-89FF63CE8DF8,Associated Press,United States,NORTH_AMERICA,WIRE_SERVICE,RATED,LEAN LEFT,LEFT,High,B,2026-08-20,INDEPENDENT_CONFIRMATION|FORCE_POSTURE|CONTINUITY_EVIDENCE,"US aircraft carrier arrives in Middle East, relieving long-deployed USS Lincoln",https://apnews.com/article/aircraft-carrier-washington-lincoln-iran-war-trump-10ddf7b55104e0eeec2e9213e1021b98
SRC-18B8DD710B5A,OUTLET-AA437F617622,Tasnim News Agency,,GLOBAL_INTERNATIONAL,STATE_MEDIA,NOT_RATED,,,,C,2026-03-02,CLAIM_ORIGIN,Military Source Says Israel Conducts “False Flag” Attack on Aramco,https://www.tasnimnews.ir/en/news/2026/03/02/3529692/military-source-says-israel-conducts-false-flag-attack-on-aramco
SRC-195296C296FD,OUTLET-BB18A28A3443,"U.S. Department of State, Office of the Historian",,GLOBAL_INTERNATIONAL,OFFICIAL_OR_TECHNICAL,NOT_APPLICABLE,,,,A,1974-06-11,COST_MODEL|HISTORICAL_CONTEXT,Iran’s Purchase of F-14 Airplanes,https://history.state.gov/historicaldocuments/frus1969-76v27/d61
SRC-1C01A03ABB4C,OUTLET-53ACA6C188B8,U.S. Bureau of Labor Statistics,,GLOBAL_INTERNATIONAL,OFFICIAL_OR_TECHNICAL,NOT_RATED,,,,A,,ECONOMIC_DATA|COST_MODEL,Historical CPI-U,https://www.bls.gov/cpi/tables/historical-cpi-u-201710.pdf
SRC-1C1165CBCAC7,OUTLET-DF403C8BB70A,USNI Proceedings,,GLOBAL_INTERNATIONAL,PUBLISHER_OR_TECHNICAL_SOURCE,NOT_RATED,,,,B,2026-07-13,BDA|TECHNICAL_ANALYSIS,Video: 3 lethal U.S. drones attack Iranian sub port facility,https://www.usni.org/magazines/proceedings/2026/july/video-3-lethal-us-drones-attack-iranian-sub-port-facility
SRC-1F07B15CD0B3,OUTLET-7B62913B395D,Press TV,Iran,MIDDLE_EAST_NORTH_AFRICA,STATE_MEDIA,NOT_RATED,,,,C,2026-06-07,CLAIM_ORIGIN|OFFICIAL_STATEMENT,Ramat David airbase hit by ballistic missiles: IRGC,https://www.presstv.ir/Detail/2026/06/07/770023/Ramat-David-airbase-origin-of-attacks-on-Lebanon-hit-by-ballistic-missiles-IRGC
SRC-1F7AC92D882F,OUTLET-234330834C41,Reuters,United Kingdom,EUROPE,WIRE_SERVICE,RATED,CENTER,CENTER,Very High,A,2026-07-30,INDEPENDENT_CONFIRMATION|DIPLOMATIC_POSITION|FORCE_POSTURE|REGIONAL_CORROBORATION,Saudi Arabia unveils plans for multinational maritime defence coalition,https://www.reuters.com/world/middle-east/saudi-arabia-unveils-plans-multinational-maritime-defence-coalition-2026-07-30/
SRC-1FCEC1114E60,OUTLET-234330834C41,Reuters,United Kingdom,EUROPE,WIRE_SERVICE,RATED,CENTER,CENTER,Very High,B,2026-04-23,SHIPPING_DATA|INDEPENDENT_CONFIRMATION,Iran takes seized ships to port as countries seek information on seafarers,https://www.reuters.com/world/europe/iran-takes-seized-ships-port-countries-seek-info-seafarers-safety-2026-04-23/
SRC-209378A46AAC,OUTLET-6664765973D6,U.S. Department of Defense,United States,NORTH_AMERICA,OFFICIAL_GOVERNMENT,NOT_APPLICABLE,,,,A,2024-01-25,OFFICIAL_STATEMENT|PREWAR_PLANNING|FORCE_POSTURE,Statement on the Start of Working Group Meetings of the U.S.-Iraq Higher Military Commission,https://www.defense.gov/News/Releases/Release/article/3655790/statement-by-secretary-of-defense-lloyd-j-austin-iii-on-the-start-of-working-gr/
SRC-20978ADE1FA1,OUTLET-234330834C41,Reuters,United Kingdom,EUROPE,WIRE_SERVICE,RATED,CENTER,CENTER,Very High,B,2026-07-21,OFFICIAL_STATEMENT|ECONOMIC_DATA|COST_MODEL,"War in Iran has cost the US $37.5 billion so far, Pentagon says",https://www.reuters.com/world/middle-east/us-war-iran-has-cost-375-billion-so-far-pentagon-says-2026-07-21/
SRC-234390A3E087,OUTLET-234330834C41,Reuters,United Kingdom,EUROPE,WIRE_SERVICE,RATED,CENTER,CENTER,Very High,B,2026-04-30,ECONOMIC_DATA|COUNTEREVIDENCE|LATER_OUTCOME,Iranian economic collapse may come too late for Trump,https://www.reuters.com/world/middle-east/iranian-economic-collapse-may-come-too-late-trump-2026-04-30/
SRC-25DF3807300D,OUTLET-234330834C41,Reuters,United Kingdom,EUROPE,WIRE_SERVICE,RATED,CENTER,CENTER,Very High,B,2026-02-26,INDEPENDENT_CONFIRMATION|DIPLOMATIC_POSITION|PREWAR_PLANNING,US-Iran nuclear talks end in Geneva with progress but no deal,https://www.reuters.com/world/middle-east/us-iran-nuclear-talks-resume-geneva-against-backdrop-military-threat-2026-02-26/
SRC-27B4F9BD222C,OUTLET-234330834C41,Reuters,United Kingdom,EUROPE,WIRE_SERVICE,RATED,CENTER,CENTER,Very High,B,2026-07-11,CLAIM_ORIGIN|SHIPPING_DATA,IRGC Navy says Strait of Hormuz closed until further notice,https://www.reuters.com/world/middle-east/irans-irgc-navy-says-strait-hormuz-closed-until-further-notice-state-media-2026-07-11/
SRC-283DBF8D4872,OUTLET-234330834C41,Reuters,United Kingdom,EUROPE,WIRE_SERVICE,RATED,CENTER,CENTER,Very High,B,2026-08-22,DIPLOMATIC_POSITION|ECONOMIC_DATA|CLAIM_ORIGIN|INDEPENDENT_CONFIRMATION,"U.S., Iran keep up hostile rhetoric ahead of new sanctions",https://www.reuters.com/world/middle-east/us-iran-keep-up-hostile-rhetoric-ahead-new-sanctions-2026-08-22/
SRC-2867CB793392,OUTLET-7B62913B395D,Press TV,Iran,MIDDLE_EAST_NORTH_AFRICA,STATE_MEDIA,NOT_RATED,,,,B,2026-04-03,CLAIM_ORIGIN,Qalibaf commentary repeating F-35 identification,https://www.presstv.ir/Detail/2026/04/03/766276/Trump%E2%80%99s-%E2%80%98no-strategy%E2%80%99-war-downgraded-to-a-hunt-for-pilots-in-Iran--parliament-speaker
SRC-28754AD45AC2,OUTLET-FC4D4A57A368,Airway,,GLOBAL_INTERNATIONAL,PUBLISHER_OR_TECHNICAL_SOURCE,NOT_RATED,,,,C,2019-03-18,ECONOMIC_DATA|HISTORICAL_CONTEXT,Brasil ficou perto de comprar caças MIG-21 feitos na China,https://www.airway.com.br/brasil-ficou-perto-de-comprar-cacas-mig-21-feitos-na-china/
SRC-28B0CE7F2B7E,OUTLET-234330834C41,Reuters,United Kingdom,EUROPE,WIRE_SERVICE,RATED,CENTER,CENTER,Very High,B,2026-03-26,DIPLOMATIC_POSITION|CLAIM_ORIGIN,Iran says it is reviewing US ceasefire plan,https://www.reuters.com/world/asia-pacific/iran-says-it-is-reviewing-us-ceasefire-plan-no-talks-trump-says-tehran-leaders-2026-03-26/
SRC-29B47381EC59,OUTLET-BA8751ED6C4F,CSIS,United States,NORTH_AMERICA,THINK_TANK,NOT_APPLICABLE,,,,A,2026-06-23,BDA|MATERIAL_LOSS|TECHNICAL_ANALYSIS,Preventing Iran’s Military Reconstitution,https://www.csis.org/analysis/preventing-irans-military-reconstitution
SRC-29FAB9A69690,OUTLET-234330834C41,Reuters,United Kingdom,EUROPE,WIRE_SERVICE,RATED,CENTER,CENTER,Very High,A,2026-01-17,INDEPENDENT_CONFIRMATION|FORCE_POSTURE|LATER_OUTCOME|PREWAR_PLANNING,"Iraq takes full control of air base after US withdrawal, defence ministry says",https://www.reuters.com/world/middle-east/iraq-takes-full-control-air-base-after-us-withdrawal-defence-ministry-says-2026-01-17/
SRC-2AD36D488E7F,OUTLET-8588B8C524E3,IMF,,GLOBAL_INTERNATIONAL,PUBLISHER_OR_TECHNICAL_SOURCE,NOT_RATED,,,,A,2026-01-01,ECONOMIC_DATA|HISTORICAL_CONTEXT,IMF January 2026 WEO Update,https://www.elibrary.imf.org/display/book/9798229032339/CH001.xml
SRC-2C482D135C1B,OUTLET-234330834C41,Reuters,United Kingdom,EUROPE,WIRE_SERVICE,RATED,CENTER,CENTER,Very High,A,2026-08-24,ECONOMICS|TRADE|SANCTIONS_EFFECT,"India's Iran exports set to fall further due to Dubai halt, U.S. sanctions",https://www.reuters.com/world/india/indias-iran-exports-set-fall-further-due-dubai-halt-us-sanctions-2026-08-24/
SRC-2C560C3002FC,OUTLET-234330834C41,Reuters,United Kingdom,EUROPE,WIRE_SERVICE,RATED,CENTER,CENTER,Very High,C,2026-05-28,ECONOMIC_DATA|CLAIM_ORIGIN,Global markets view: Iran tension remains despite deal hopes,https://www.reuters.com/world/china/global-markets-view-europe-2026-05-28/
SRC-2E51203B3913,OUTLET-234330834C41,Reuters,United Kingdom,EUROPE,WIRE_SERVICE,RATED,CENTER,CENTER,Very High,A,2026-03-30,INDEPENDENT_CONFIRMATION|COUNTEREVIDENCE,Turkey says NATO defences downed fourth inbound Iranian missile,https://www.reuters.com/world/middle-east/turkey-says-nato-defences-downed-fourth-inbound-iranian-missile-2026-03-30
SRC-2FFDAFCBBFBB,OUTLET-6BFBAAC71E1C,Altair,,GLOBAL_INTERNATIONAL,PUBLISHER_OR_TECHNICAL_SOURCE,NOT_RATED,,,,C,2008-07-18,ECONOMIC_DATA|HISTORICAL_CONTEXT,Ukraina sprzedaje Su-24M za 1/3 ceny,https://www.altair.com.pl/ukraina-sprzedaje-su-24m-za-1-3-ceny
SRC-301D4457A5A8,OUTLET-234330834C41,Reuters,United Kingdom,EUROPE,WIRE_SERVICE,RATED,CENTER,CENTER,Very High,B,2026-04-07,CASUALTY_CONFIRMATION,How many people have been killed in the U.S.-Israel war with Iran?,https://www.reuters.com/world/middle-east/how-many-people-have-been-killed-us-israel-war-iran-2026-04-07/
SRC-3077D3E08CBE,OUTLET-EC80EBA460F5,World Bank,,GLOBAL_INTERNATIONAL,INTERNATIONAL_ORGANIZATION,NOT_APPLICABLE,,,,A,2026-08-21,ECONOMIC_DATA|OFFICIAL_STATEMENT,Renewed conflict derails Lebanon’s fragile economic recovery,https://www.worldbank.org/en/news/press-release/2026/08/21/renewed-conflict-derails-lebanon-s-fragile-economic-recovery
SRC-329DD7E492A8,OUTLET-6F6CE80A78C7,The National,United Arab Emirates,MIDDLE_EAST_NORTH_AFRICA,NEWSPAPER,RATED,CENTER,CENTER,High,B,2026-08-20,REGIONAL_CORROBORATION|ECONOMIC_DATA|CLAIM_ORIGIN,Iran central bank chief says oil exports have fallen to zero,https://www.thenationalnews.com/news/2026/08/20/iran-central-bank-chief-says-oil-exports-have-fallen-to-zero/
SRC-32D26981B604,OUTLET-09909245C5DE,Bulgarian News Agency,Bulgaria,EUROPE,NEWS_AGENCY,NOT_RATED,,,,B,2026-07-22,FORCE_POSTURE|HISTORICAL_CONTEXT|OFFICIAL_STATEMENT,Parliament authorizes deployment of U.S. aircraft and military personnel at Bezmer Air Base,https://www.bta.bg/en/news/bulgaria/1171975-parliament-authorizes-deployment-of-us-aircraft-military-personnel-at-bezmer-ai
SRC-3300B7672235,OUTLET-6F6CE80A78C7,The National,United Arab Emirates,MIDDLE_EAST_NORTH_AFRICA,NEWSPAPER,RATED,CENTER,CENTER,High,B,2026-06-17,REGIONAL_CORROBORATION|DIPLOMATIC_POSITION,Full text of the 14-point plan to end the US-Iran war,https://www.thenationalnews.com/news/us/2026/06/17/whats-in-the-iran-deal/
SRC-3300E710B6AC,OUTLET-82107841640D,Janes,,GLOBAL_INTERNATIONAL,PUBLISHER_OR_TECHNICAL_SOURCE,NOT_RATED,,,,A,2026-06-17,CLAIM_ORIGIN|TECHNICAL_ANALYSIS,Iran conflict 2026: Iranian F-5 pilots claim credit for Kuwaiti friendly fire shootdowns,https://www.janes.com/defence-intelligence-insights/defence-news/air/iran-conflict-2026-iranian-f-5-pilots-claim-credit-for-kuwaiti-friendly-fire-shootdowns
SRC-34FA605EE6AB,OUTLET-234330834C41,Reuters,United Kingdom,EUROPE,WIRE_SERVICE,RATED,CENTER,CENTER,Very High,A,2026-03-05,INDEPENDENT_CONFIRMATION|CASUALTY_CONFIRMATION|MATERIAL_LOSS,Death toll from Iranian warship Dena rises after torpedo attack,https://www.reuters.com/world/asia-pacific/death-toll-iranian-warship-dena-rises-87-after-torpedo-attack-2026-03-05
SRC-355C149D77E4,OUTLET-234330834C41,Reuters,United Kingdom,EUROPE,WIRE_SERVICE,RATED,CENTER,CENTER,Very High,B,2026-03-23,CLAIM_ORIGIN|SHIPPING_DATA,Iran says coastal attack will lead to full Gulf closure and mine laying,https://www.reuters.com/world/middle-east/iran-says-coastal-attack-will-lead-full-gulf-closure-mine-laying-2026-03-23/
SRC-35FB02E8E973,OUTLET-234330834C41,Reuters,United Kingdom,EUROPE,WIRE_SERVICE,RATED,CENTER,CENTER,Very High,A,2026-03-02,INDEPENDENT_CONFIRMATION|COUNTEREVIDENCE,Kuwait intercepts hostile drones; U.S. F-15 losses attributed to Kuwaiti friendly fire,https://www.reuters.com/world/middle-east/kuwait-intercepts-hostile-drones-third-day-iran-retaliatory-strikes-2026-03-02
SRC-3654DF2A6113,OUTLET-234330834C41,Reuters,United Kingdom,EUROPE,WIRE_SERVICE,RATED,CENTER,CENTER,Very High,A,2026-08-24,SHIPPING_POLICY|HORMUZ|ACTOR_STATEMENT,"Iran threatens 45 tankers with fines, confiscation in Hormuz escalation",https://www.reuters.com/world/middle-east/iran-warns-vessels-violating-hormuz-transit-rules-fines-detention-2026-08-24/
SRC-3713FD1F35CD,OUTLET-234330834C41,Reuters,United Kingdom,EUROPE,WIRE_SERVICE,RATED,CENTER,CENTER,Very High,B,2026-06-15,OFFICIAL_STATEMENT|DIPLOMATIC_POSITION,"US officials say Trump, Vance and Iran parliament speaker signed MOU",https://www.reuters.com/world/middle-east/trump-vance-irans-parliament-speaker-signed-mou-2026-06-15/
SRC-3826CE7F7FBB,OUTLET-256FB806488B,Bellingcat,,GLOBAL_INTERNATIONAL,PUBLISHER_OR_TECHNICAL_SOURCE,NOT_RATED,,,,B,2026-04-07,SATELLITE_IMAGERY|BDA|TECHNICAL_ANALYSIS,When Satellite Imagery Goes Dark: New Tool Shows Damage in Iran and the Gulf,https://www.bellingcat.com/resources/2026/04/07/tool-damage-assessment-destruction-sentinel-satellite-imagery-iran-us-gulf/
SRC-3838B34DAF75,OUTLET-BB18A28A3443,"U.S. Department of State, Office of the Historian",,GLOBAL_INTERNATIONAL,OFFICIAL_OR_TECHNICAL,NOT_APPLICABLE,,,,A,1972-11-01,COST_MODEL|HISTORICAL_CONTEXT,Enhance Plus / Iranian F-5A valuation,https://history.state.gov/historicaldocuments/frus1969-76ve04/d234
SRC-38F77594E6D5,OUTLET-234330834C41,Reuters,United Kingdom,EUROPE,WIRE_SERVICE,RATED,CENTER,CENTER,Very High,A,2026-08-13,INDEPENDENT_CONFIRMATION|COUNTEREVIDENCE|DIPLOMATIC_POSITION,"Lebanon has not agreed to shortlist of countries that could verify Hezbollah’s disarmament, official says",https://www.reuters.com/world/asia-pacific/lebanon-has-not-agreed-shortlist-countries-that-could-verify-hezbollahs-2026-08-13/
SRC-3969BF66615A,OUTLET-7B62913B395D,Press TV,Iran,MIDDLE_EAST_NORTH_AFRICA,STATE_MEDIA,NOT_RATED,,,,B,2026-03-07,CLAIM_ORIGIN|OFFICIAL_STATEMENT,Iranian Army says 82 American and Israeli drones shot down since war began,https://www.presstv.ir/Detail/2026/03/07/765079/Iran-says-82-US-or-Israeli-drones-shot-down-since-war-began
SRC-3B7FE42A1FF2,OUTLET-234330834C41,Reuters,United Kingdom,EUROPE,WIRE_SERVICE,RATED,CENTER,CENTER,Very High,A,2026-02-15,INDEPENDENT_CONFIRMATION|FORCE_POSTURE|PREWAR_PLANNING,"Syrian army says it took control of Shaddadi base after coordination with US, agency says",https://www.reuters.com/world/middle-east/syrian-army-says-it-took-control-shaddadi-base-after-coordination-with-us-agency-2026-02-15/
SRC-3BE40AD42842,OUTLET-7B62913B395D,Press TV,Iran,MIDDLE_EAST_NORTH_AFRICA,STATE_MEDIA,NOT_RATED,,,,B,2026-03-20,CLAIM_ORIGIN,Qalibaf: Iran strike on U.S. F-35 signals collapse of order,https://www.presstv.ir/Detail/2026/03/20/765601/Qalibaf-Iran-strike-on-US-F-35-signals-collapse-of-order
SRC-3C8236B21AC0,OUTLET-234330834C41,Reuters,United Kingdom,EUROPE,WIRE_SERVICE,RATED,CENTER,CENTER,Very High,B,2026-04-27,ECONOMIC_DATA|HISTORICAL_CONTEXT,Gulf economies head for worst crisis since pandemic as war roils energy lifeline,https://www.reuters.com/business/energy/gulf-economies-head-worst-crisis-since-pandemic-war-roils-energy-lifeline-2026-04-27/
SRC-3F2CDE66C029,OUTLET-7EE27F376969,Qatar News Agency,Qatar,MIDDLE_EAST_NORTH_AFRICA,PUBLISHER_OR_TECHNICAL_SOURCE,NOT_RATED,,,,A,2026-03-31,OFFICIAL_STATEMENT|REGIONAL_CORROBORATION|TECHNICAL_ANALYSIS,"Bahrain Says Intercepted 182 Missiles, 400 Drones Since Start of Iranian Attacks",https://qna.org.qa/en/news/news-details?date=31%2F03%2F2026&id=bahrain-says-intercepted-182-missiles-400-drones-since-start-of-iranian-attacks
SRC-40708A58524D,OUTLET-234330834C41,Reuters,United Kingdom,EUROPE,WIRE_SERVICE,RATED,CENTER,CENTER,Very High,B,2026-04-13,FORCE_POSTURE|SHIPPING_DATA|DIPLOMATIC_POSITION,"US blockade of Iran will be major military endeavor, experts say",https://www.reuters.com/world/asia-pacific/us-blockade-iran-will-be-major-military-endeavor-experts-say-2026-04-13/
SRC-419684EA4E28,OUTLET-9BBBAF6B29C3,Copernicus Data Space Ecosystem,,GLOBAL_INTERNATIONAL,PUBLISHER_OR_TECHNICAL_SOURCE,NOT_RATED,,,,A,,SATELLITE_IMAGERY|BACKGROUND_ONLY,Copernicus Browser documentation,https://documentation.dataspace.copernicus.eu/Applications/Browser.html
SRC-42F3F44BC6EE,OUTLET-234330834C41,Reuters,United Kingdom,EUROPE,WIRE_SERVICE,RATED,CENTER,CENTER,Very High,A,2026-03-09,INDEPENDENT_CONFIRMATION|TECHNICAL_ANALYSIS|LATER_OUTCOME,"Much of Iran's near-bomb-grade uranium likely to be in Isfahan, IAEA's Grossi says",https://www.reuters.com/world/middle-east/much-irans-near-bomb-grade-uranium-likely-be-isfahan-iaeas-grossi-says-2026-03-09/
SRC-42FE75392B8C,OUTLET-FC69AE8D85A2,Recorded Future / Insikt Group,,GLOBAL_INTERNATIONAL,PUBLISHER_OR_TECHNICAL_SOURCE,NOT_RATED,,,,B,2024-08-01,ECONOMIC_DATA|TECHNICAL_ANALYSIS,Production and Proliferation: The Risks of the Burgeoning Iranian Drone Industry,https://assets.recordedfuture.com/insikt-report-pdfs/2024/TA-IR-2024-0801.pdf
SRC-45DF00C2C20E,OUTLET-7B62913B395D,Press TV,Iran,MIDDLE_EAST_NORTH_AFRICA,STATE_MEDIA,NOT_RATED,,,,C,2026-06-08,CLAIM_ORIGIN,Iran disrupted ceasefire on paper over violations on ground,https://www.presstv.ir/Detail/2026/06/08/770088/Iran-disrupted-ceasefire-paper-violations-ground
SRC-4818F69C326D,OUTLET-939785E7D945,U.S. Central Command,United States,NORTH_AMERICA,OFFICIAL_MILITARY,NOT_APPLICABLE,,,,A,2026-01-13,OFFICIAL_STATEMENT|PREWAR_PLANNING|HISTORICAL_CONTEXT,"US, regional partners open new air defense operations cell in Qatar",https://www.centcom.mil/MEDIA/PUBLIC-RELEASES/Article/4376614/us-regional-partners-open-new-air-defense-operations-cell-in-qatar/
SRC-481DC6A8E2DB,OUTLET-7B62913B395D,Press TV,Iran,MIDDLE_EAST_NORTH_AFRICA,STATE_MEDIA,NOT_RATED,,,,B,2026-04-06,CORRECTION|CLAIM_ORIGIN,Misidentification and clarification: from F-35 to F-15E,https://www.presstv.ir/Detail/2026/04/06/766419/how-iran-air-defences-turned-april3-blackest-day-us-military-aviation-history
SRC-48A3540B2747,OUTLET-F740328D37D2,JINSA,,GLOBAL_INTERNATIONAL,PUBLISHER_OR_TECHNICAL_SOURCE,NOT_RATED,,,,B,2025-07-21,TECHNICAL_ANALYSIS|ECONOMIC_DATA|HISTORICAL_CONTEXT,Missile and Interceptor Cost Estimates During the U.S.-Israel-Iran War,https://jinsa.org/wp-content/uploads/2025/07/Cost-Estimates-During-the-U.S.-Israel-Iran-War-07-21-25.pdf
SRC-48D30EB0A3C7,OUTLET-A2B2A18ED7CF,The Aviationist,,GLOBAL_INTERNATIONAL,PUBLISHER_OR_TECHNICAL_SOURCE,NOT_RATED,,,,B,2026-04-11,BDA|SATELLITE_IMAGERY|TECHNICAL_ANALYSIS|CONTINUITY_EVIDENCE,New Images Provide Clearest View Yet of Damage to U.S.-made AN/FPS-132 Early Warning Radar in Qatar,https://theaviationist.com/2026/04/11/early-warning-radar-al-udeid-damage/
SRC-4A25C20F8AFD,OUTLET-FA6BAA95414B,Wall Street Journal,,GLOBAL_INTERNATIONAL,PUBLISHER_OR_TECHNICAL_SOURCE,NOT_RATED,,,,A,2026-03,INDEPENDENT_CONFIRMATION|COUNTEREVIDENCE,U.S. F-35 damaged in combat and landed safely,https://www.wsj.com/livecoverage/iran-war-news-2026/card/loss-of-jet-follows-weeks-of-war-without-a-u-s-plane-downed-over-iran-45M5qykkmOiathjdCrSt
SRC-4A733BFAC693,OUTLET-E47A7645C862,Kuwait Meteorological Center,,GLOBAL_INTERNATIONAL,OFFICIAL_OR_TECHNICAL,NOT_RATED,,,,A,,GEOLOCATION_ONLY,Kuwait Meteorological Center climate station coordinates,https://www.met.gov.kw/Climate/climate.php?lang=eng
SRC-4B82C94340A2,OUTLET-E87C470D2388,Naval News,,GLOBAL_INTERNATIONAL,NEWS_OUTLET,NOT_RATED,,,,B,2026-03-04,HISTORICAL_CONTEXT|TECHNICAL_ANALYSIS,Italy’s DRASS will provide six new-generation compact submarines in addition to SDVs to Indonesia,https://www.navalnews.com/naval-news/2026/03/italys-drass-will-provide-six-new-generation-compact-submarines-in-addition-to-sdvs-to-indonesia/
SRC-4B96F4B7634C,OUTLET-9EED82C537B5,Investing.com / Reuters syndication,,GLOBAL_INTERNATIONAL,PUBLISHER_OR_TECHNICAL_SOURCE,NOT_RATED,,,,B,2026-05-29,COUNTEREVIDENCE|OFFICIAL_STATEMENT,U.S. official denies claim aircraft destroyed in Bushehr,https://www.investing.com/news/commodities-news/us-official-denies-claim-us-aircraft-destroyed-in-irans-bushehr-4715719
SRC-4BAF1AD0125F,OUTLET-234330834C41,Reuters,United Kingdom,EUROPE,WIRE_SERVICE,RATED,CENTER,CENTER,Very High,B,2026-07-30,SHIPPING_DATA|LATER_OUTCOME,QatarEnergy-controlled LNG tanker exits Hormuz for first time in nearly three weeks,https://www.reuters.com/world/middle-east/qatarenergy-controlled-lng-tanker-exits-hormuz-first-nearly-three-weeks-2026-07-30/
SRC-4D79B1712E0D,OUTLET-89FF63CE8DF8,Associated Press,United States,NORTH_AMERICA,WIRE_SERVICE,RATED,LEAN LEFT,LEFT,High,B,2026-03-28,TECHNICAL_ANALYSIS|COUNTEREVIDENCE|LATER_OUTCOME,"One month into Iran war, key US objectives remain unresolved",https://apnews.com/article/1a32141f5ca2104af78625b3aa277421
SRC-4E13486C67AC,OUTLET-47634209A0F9,U.S. Department of the Army,,GLOBAL_INTERNATIONAL,OFFICIAL_OR_TECHNICAL,NOT_APPLICABLE,,,,A,2022-03-01,ECONOMIC_DATA|TECHNICAL_ANALYSIS,"FY 2023 Missile Procurement, Army — HIMARS launcher cost exhibit",https://www.asafm.army.mil/Portals/72/Documents/BudgetMaterial/2023/Base%20Budget/Procurement/MSLS_ARMY.pdf
SRC-4E31F2F07926,OUTLET-59E47C2365B9,Gulf News / Bloomberg,,GLOBAL_INTERNATIONAL,NEWS_OUTLET,NOT_RATED,,,,B,2012-09-14,ECONOMIC_DATA|HISTORICAL_CONTEXT,FAL Oil faces forced sale of tanker,https://gulfnews.com/business/energy/fal-oil-faces-forced-sale-of-tanker-1.1075245
SRC-4E559726D514,OUTLET-234330834C41,Reuters,United Kingdom,EUROPE,WIRE_SERVICE,RATED,CENTER,CENTER,Very High,B,2026-07-17,SHIPPING_DATA,Strait of Hormuz transits drop as U.S.-Iran attacks escalate,https://www.reuters.com/world/middle-east/strait-hormuz-transits-drop-us-iran-escalate-attacks-across-gulf-2026-07-17/
SRC-4E7A15C9F5B0,OUTLET-89FF63CE8DF8,Associated Press,United States,NORTH_AMERICA,WIRE_SERVICE,RATED,LEAN LEFT,LEFT,High,B,2026-08-14,INDEPENDENT_CONFIRMATION|BDA|SHIPPING_DATA,Two ADNOC tankers attacked by drones in Strait of Hormuz,https://apnews.com/article/e8565c608ac5283ec8103c85df924b13
SRC-4E85BD9B8182,OUTLET-234330834C41,Reuters,United Kingdom,EUROPE,WIRE_SERVICE,RATED,CENTER,CENTER,Very High,B,2026-03-20,BDA|ECONOMIC_DATA|REGIONAL_CORROBORATION,Attacks hit major oil and gas sites across Middle East,https://www.reuters.com/world/iran/attacks-major-oil-gas-sites-middle-east-2026-03-20/
SRC-4FAD801FF49E,OUTLET-234330834C41,Reuters,United Kingdom,EUROPE,WIRE_SERVICE,RATED,CENTER,CENTER,Very High,B,2026-05-26,DIPLOMATIC_POSITION|BDA|COUNTEREVIDENCE,UN Security Council condemns attack on UAE nuclear plant,https://www.reuters.com/world/china/un-security-council-condemns-attack-uae-nuclear-plant-2026-05-26/
SRC-526EE786BDCD,OUTLET-EDD8CA9B3CC2,Investing.com,,GLOBAL_INTERNATIONAL,PUBLISHER_OR_TECHNICAL_SOURCE,NOT_RATED,,,,C,,COST_MODEL|ECONOMIC_DATA,USD/IRR historical data,https://ng.investing.com/currencies/usd-irr-historical-data
SRC-543806914EAF,OUTLET-234330834C41,Reuters,United Kingdom,EUROPE,WIRE_SERVICE,RATED,CENTER,CENTER,Very High,B,2026-04-15,DIPLOMATIC_POSITION|COUNTEREVIDENCE,White House denies US requested ceasefire; new talks may happen in Pakistan,https://www.reuters.com/world/asia-pacific/white-house-denies-us-requested-ceasefire-says-new-talks-may-happen-pakistan-2026-04-15/
SRC-54EDDA09EBC7,OUTLET-234330834C41,Reuters,United Kingdom,EUROPE,WIRE_SERVICE,RATED,CENTER,CENTER,Very High,B,2026-08-18,SHIPPING_DATA|ECONOMIC_DATA|LATER_OUTCOME,China state shippers deploy tankers outside Gulf to avoid chokepoints,https://www.reuters.com/business/energy/chinas-state-shippers-deploy-oil-tankers-outside-gulf-avoid-chokepoints-sources-say-2026-08-18/
SRC-551A9C2DB97C,OUTLET-5AB376D8ECBA,The Washington Post,United States,NORTH_AMERICA,NEWSPAPER,RATED,LEAN LEFT,LEFT,High,B,2026-05-06,SATELLITE_IMAGERY|BDA|INDEPENDENT_CONFIRMATION,Satellite images reveal damage to US bases across Middle East,https://www.washingtonpost.com/investigations/2026/05/06/iran-us-bases-satellite-images/
SRC-5581A889C78E,OUTLET-93768342590E,Wikidata,,GLOBAL_INTERNATIONAL,PUBLISHER_OR_TECHNICAL_SOURCE,NOT_RATED,,,,C,,GEOLOCATION_ONLY|BACKGROUND_ONLY,Barakah nuclear power plant coordinate record,https://www.wikidata.org/wiki/Q17624806
SRC-566F047CEA46,OUTLET-234330834C41,Reuters,United Kingdom,EUROPE,WIRE_SERVICE,RATED,CENTER,CENTER,Very High,A,2026-02-12,INDEPENDENT_CONFIRMATION|FORCE_POSTURE|PREWAR_PLANNING|LATER_OUTCOME,"In milestone, US pulls out of strategic Syria base and hands it over to Damascus",https://www.reuters.com/world/middle-east/syria-says-it-has-taken-control-al-tanf-base-vacated-by-us-troops-2026-02-12/
SRC-569997F08351,OUTLET-234330834C41,Reuters,United Kingdom,EUROPE,WIRE_SERVICE,RATED,CENTER,CENTER,Very High,B,2026-05-15,DIPLOMATIC_POSITION|SHIPPING_DATA,"Iran has no trust in US, will negotiate only if serious, Araghchi says",https://www.reuters.com/world/china/iran-has-no-trust-us-will-negotiate-only-if-it-is-serious-araqchi-says-2026-05-15/
SRC-569EA3D29954,OUTLET-000D03CA0E07,The White House,,GLOBAL_INTERNATIONAL,OFFICIAL_OR_TECHNICAL,NOT_APPLICABLE,,,,A,2025-11-18,OFFICIAL_STATEMENT|PREWAR_PLANNING|DIPLOMATIC_POSITION|FORCE_POSTURE,Fact Sheet: President Donald J. Trump Solidifies Economic and Defense Partnership with the Kingdom of Saudi Arabia,https://www.whitehouse.gov/fact-sheets/2025/11/fact-sheet-president-donald-j-trump-solidifies-economic-and-defense-partnership-with-the-kingdom-of-saudi-arabia/
SRC-56C86C6E1D78,OUTLET-234330834C41,Reuters,United Kingdom,EUROPE,WIRE_SERVICE,RATED,CENTER,CENTER,Very High,B,2026-04-08,INDEPENDENT_CONFIRMATION|DIPLOMATIC_POSITION,Pakistan’s last-ditch effort secures Iran war truce,https://www.reuters.com/world/asia-pacific/talks-were-almost-dead-pakistans-last-ditch-effort-secure-iran-war-truce-2026-04-08/
SRC-572AFBAA0B04,OUTLET-234330834C41,Reuters,United Kingdom,EUROPE,WIRE_SERVICE,RATED,CENTER,CENTER,Very High,B,2026-04-29,ECONOMIC_DATA|INDEPENDENT_CONFIRMATION,"China’s Iranian oil buying curbed by margins, traders say",https://www.reuters.com/business/energy/chinas-iranian-oil-buying-curbed-by-margins-traders-say-2026-04-29/
SRC-57864B8610ED,OUTLET-C4274FD3FC5D,United States Navy,,GLOBAL_INTERNATIONAL,OFFICIAL_OR_TECHNICAL,NOT_APPLICABLE,,,,A,2026-08-14,OFFICIAL_STATEMENT|FORCE_POSTURE|CONTINUITY_EVIDENCE,Statement from Acting Secretary Cao,https://www.navy.mil/Press-Office/Statements/display-statement/Article/4574706/statement-from-acting-secretary-cao/
SRC-583001F87534,OUTLET-3CDF7DE1DEF8,Arab News,Saudi Arabia,MIDDLE_EAST_NORTH_AFRICA,NEWSPAPER,NOT_RATED,,,,C,2026-08-20,REGIONAL_CORROBORATION|ECONOMIC_DATA,"Bessent says US will impose toughest ever sanctions on Iran, urges allies and China to cooperate",https://www.arabnews.com/node/2655346/amp
SRC-59F8B0ECCEC9,OUTLET-AA437F617622,Tasnim News Agency,,GLOBAL_INTERNATIONAL,STATE_MEDIA,NOT_RATED,,,,C,2026-04-03,HISTORICAL_CONTEXT|CLAIM_ORIGIN,"April 3, 2026 archive",https://www.tasnimnews.ir/en/Archive/1192/datetime/2026-04-03
SRC-5B3CA5C34B02,OUTLET-6381D05A5E85,CSIS Missile Threat,,GLOBAL_INTERNATIONAL,PUBLISHER_OR_TECHNICAL_SOURCE,NOT_RATED,,,,B,2026-06-02,TECHNICAL_ANALYSIS|ECONOMIC_DATA,Shahed-131 and -136,https://missilethreat.csis.org/missile/shahed-131-and-136/
SRC-5B933FF9C911,OUTLET-234330834C41,Reuters,United Kingdom,EUROPE,WIRE_SERVICE,RATED,CENTER,CENTER,Very High,A,2026-08-15,INDEPENDENT_CONFIRMATION|COUNTEREVIDENCE,"Qatar denies detaining Iranian pilots, says it found remains of one",https://www.reuters.com/world/middle-east/qatar-denies-detaining-iranian-pilots-says-it-found-remains-one-2026-08-15
SRC-5BC8070E8CD9,OUTLET-08D885F02A20,Lead Stories,,GLOBAL_INTERNATIONAL,PUBLISHER_OR_TECHNICAL_SOURCE,NOT_RATED,,,,B,2026-04,DEBUNK|MEDIA_FORENSICS,Fact Check: Video does not show American F-15 pilot captured by Iran in April 2026,https://leadstories.com/hoax-alert/2026/04/fact-check-video-does-not-show-american-f15-pilot-captured-by-iran-in-april-2026.html
SRC-5C8E18A6126E,OUTLET-89FF63CE8DF8,Associated Press,United States,NORTH_AMERICA,WIRE_SERVICE,RATED,LEAN LEFT,LEFT,High,A,2026-04-05,INDEPENDENT_CONFIRMATION|COUNTEREVIDENCE,A mountain hideout and aircraft under fire: US carries out daring rescue of service member in Iran,https://apnews.com/article/fde473d07fb59e871a71cd2ad2ffe4fe
SRC-5ED97C0F939B,OUTLET-C414E2FCF8A9,Defense Express,,GLOBAL_INTERNATIONAL,PUBLISHER_OR_TECHNICAL_SOURCE,NOT_RATED,,,,C,2023-09-02,ECONOMIC_DATA|HISTORICAL_CONTEXT,Russia Starts Supplying Yak-130 to Iran: What Kind of Aircraft It is and Its Purpose,https://en.defence-ua.com/news/russia_starts_supplying_yak_130_to_iran_what_kind_of_aircraft_it_is_and_its_purpose-7830.html
SRC-5EEA6488E035,OUTLET-234330834C41,Reuters,United Kingdom,EUROPE,WIRE_SERVICE,RATED,CENTER,CENTER,Very High,B,2026-08-12,SHIPPING_DATA,Hormuz shipping traffic falls to one-week low amid hostilities,https://www.reuters.com/world/middle-east/hormuz-shipping-traffic-falls-one-week-low-amid-hostilities-2026-08-12/
SRC-5F06A28B79E7,OUTLET-234330834C41,Reuters,United Kingdom,EUROPE,WIRE_SERVICE,RATED,CENTER,CENTER,Very High,B,2026-08-21,DIPLOMATIC_POSITION|FORCE_POSTURE|INDEPENDENT_CONFIRMATION,NATO members discuss Strait of Hormuz options without alliance involvement,https://www.reuters.com/world/middle-east/nato-members-discuss-strait-hormuz-options-without-alliance-involvement-2026-08-21/
SRC-60B8CB78C1E5,OUTLET-89FF63CE8DF8,Associated Press,United States,NORTH_AMERICA,WIRE_SERVICE,RATED,LEAN LEFT,LEFT,High,A,2026-08-15,INDEPENDENT_CONFIRMATION|COUNTEREVIDENCE,Qatar rejects Iranian claim it secretly holds Iranian pilots,https://apnews.com/article/ba738b9fb8803f28313a19df8bbcac19
SRC-60BA56B2A294,OUTLET-7B62913B395D,Press TV,Iran,MIDDLE_EAST_NORTH_AFRICA,STATE_MEDIA,NOT_RATED,,,,B,2026-04-28,CLAIM_ORIGIN|OFFICIAL_STATEMENT,"Iran's Air Force conducted sorties to strike US bases in Iraq, Kuwait, Qatar early in war: Army",https://www.presstv.ir/Detail/2026/04/28/767702/Iranian-Air-Force-conducted-sorties-to-strike-US-bases-in-Iraq%2C-Kuwait%2C-Qatar--Army
SRC-61F0DD052207,OUTLET-234330834C41,Reuters,United Kingdom,EUROPE,WIRE_SERVICE,RATED,CENTER,CENTER,Very High,C,2026-03-17,CLAIM_ORIGIN|BACKGROUND_ONLY,"Russia is sharing satellite imagery and drone technology with Iran, WSJ reports",https://www.reuters.com/world/middle-east/russia-is-sharing-satellite-imagery-drone-technology-with-iran-wsj-reports-2026-03-17/
SRC-6254D39BE9DA,OUTLET-234330834C41,Reuters,United Kingdom,EUROPE,WIRE_SERVICE,RATED,CENTER,CENTER,Very High,B,2026-08-18,DIPLOMATIC_POSITION|SHIPPING_DATA|CLAIM_ORIGIN,Trump says no talks planned with Iran; Tehran says Hormuz still shut,https://www.reuters.com/world/middle-east/trump-says-no-talks-planned-with-iran-tehran-says-strait-hormuz-still-shut-2026-08-18/
SRC-6261F62A2388,OUTLET-234330834C41,Reuters,United Kingdom,EUROPE,WIRE_SERVICE,RATED,CENTER,CENTER,Very High,A,2026-08-07,INDEPENDENT_CONFIRMATION|DIPLOMATIC_POSITION|FORCE_POSTURE|LATER_OUTCOME,"Saudi Arabia, Turkey, Pakistan pledge mutual defence as Middle East turmoil escalates",https://www.reuters.com/world/asia-pacific/saudi-arabia-turkey-pakistan-sign-joint-defence-deal-amid-regional-turmoil-2026-08-07/
SRC-62CEDAA21545,OUTLET-234330834C41,Reuters,United Kingdom,EUROPE,WIRE_SERVICE,RATED,CENTER,CENTER,Very High,B,2026-08-17,ECONOMIC_DATA|LATER_OUTCOME,"Battered by war, Iran’s rulers wary of more economic pain and unrest",https://www.reuters.com/world/middle-east/battered-by-war-irans-rulers-wary-more-economic-pain-unrest-if-us-tightens-2026-08-17/
SRC-631C96DF41A7,OUTLET-234330834C41,Reuters,United Kingdom,EUROPE,WIRE_SERVICE,RATED,CENTER,CENTER,Very High,B,2026-05-04,SHIPPING_DATA|CONTINUITY_EVIDENCE|COUNTEREVIDENCE,Most Strait of Hormuz shipping at standstill despite latest US pledge,https://www.reuters.com/world/middle-east/most-strait-hormuz-shipping-standstill-despite-latest-us-pledge-2026-05-04/
SRC-64BB58499062,OUTLET-234330834C41,Reuters,United Kingdom,EUROPE,WIRE_SERVICE,RATED,CENTER,CENTER,Very High,A,2026-02-18,INDEPENDENT_CONFIRMATION|FORCE_POSTURE|PREWAR_PLANNING,"Some US troops departing Syria, official says",https://www.reuters.com/world/middle-east/us-withdrawing-all-forces-syria-wsj-reports-2026-02-18/
SRC-66667A45F235,OUTLET-234330834C41,Reuters,United Kingdom,EUROPE,WIRE_SERVICE,RATED,CENTER,CENTER,Very High,B,2026-06-03,BDA|REGIONAL_CORROBORATION|CONTINUITY_EVIDENCE,"Iran drone and missile attack hits Kuwait airport, state news agency says",https://www.reuters.com/world/middle-east/iran-drone-missile-attack-hits-kuwait-airport-state-news-agency-says-2026-06-03/
SRC-6801FFDD232B,OUTLET-C8070CD309F8,AFP Fact Check,,GLOBAL_INTERNATIONAL,PUBLISHER_OR_TECHNICAL_SOURCE,NOT_RATED,,,,A,2026-03-12,DEBUNK|MEDIA_FORENSICS,AI-generated clip and old video shared in false posts about Iran striking USS Abraham Lincoln,https://factcheck.afp.com/doc.afp.com.A2LM9CQ
SRC-6843BB957E02,OUTLET-46F594BEF004,Critical Threats Project / ISW,,GLOBAL_INTERNATIONAL,PUBLISHER_OR_TECHNICAL_SOURCE,NOT_RATED,,,,B,2026-03-01,BDA|MATERIAL_LOSS,"Iran Update Evening Special Report, March 1, 2026",https://www.criticalthreats.org/analysis/iran-update-evening-special-report-march-1-2026
SRC-684F77C6EB10,OUTLET-2803E1E76B74,USGS,United States,NORTH_AMERICA,TECHNICAL_GOVERNMENT,NOT_APPLICABLE,,,,A,,SATELLITE_IMAGERY|BACKGROUND_ONLY,EarthExplorer,https://www.usgs.gov/tools/earthexplorer
SRC-68993464F927,OUTLET-5AB376D8ECBA,The Washington Post,United States,NORTH_AMERICA,NEWSPAPER,RATED,LEAN LEFT,LEFT,High,A,2026-04-01,BACKGROUND_ONLY|COUNTEREVIDENCE,Risky commando plan to seize Iran’s uranium came at Trump’s request,https://www.washingtonpost.com/national-security/2026/04/01/trump-commando-plan-seize-iran-uranium
SRC-691C9B6A352A,OUTLET-234330834C41,Reuters,United Kingdom,EUROPE,WIRE_SERVICE,RATED,CENTER,CENTER,Very High,B,2026-07-22,CASUALTY_CONFIRMATION|ECONOMIC_DATA,Iran war drains U.S. blood and treasure,https://www.reuters.com/world/middle-east/iran-war-drains-us-blood-treasure-2026-07-22/
SRC-694207959BE5,OUTLET-939785E7D945,U.S. Central Command,United States,NORTH_AMERICA,OFFICIAL_MILITARY,NOT_APPLICABLE,,,,A,2026-04-05,OFFICIAL_STATEMENT|LATER_OUTCOME,U.S. Continues Strikes into Iran after Successful Rescue of F-15E Aircrew,https://www.centcom.mil/MEDIA/PUBLIC-RELEASES/Article/4451965/us-continues-strikes-into-iran-after-successful-rescue-of-f-15e-aircrew
SRC-6B8C48817118,OUTLET-6664765973D6,U.S. Department of Defense,United States,NORTH_AMERICA,OFFICIAL_GOVERNMENT,NOT_APPLICABLE,,,,A,2023-08-08,OFFICIAL_STATEMENT|PREWAR_PLANNING|FORCE_POSTURE,U.S.-Iraq Joint Security Cooperation Dialogue Joint Statement,https://www.defense.gov/News/Releases/Release/Article/3487344/us-iraq-joint-security-cooperation-dialogue-joint-statement/
SRC-6C0B7AB1ADB0,OUTLET-234330834C41,Reuters,United Kingdom,EUROPE,WIRE_SERVICE,RATED,CENTER,CENTER,Very High,B,2026-08-19,ECONOMIC_DATA|REGIONAL_CORROBORATION|CLAIM_ORIGIN,UAE financial embargo on Iran after missile threat puts rivalry back in spotlight,https://www.reuters.com/world/middle-east/uaes-financial-embargo-iran-after-missile-threat-puts-rivalry-back-spotlight-2026-08-19/
SRC-6C49C8F1ACDF,OUTLET-234330834C41,Reuters,United Kingdom,EUROPE,WIRE_SERVICE,RATED,CENTER,CENTER,Very High,B,2026-08-17,CLAIM_ORIGIN|DIPLOMATIC_POSITION|SHIPPING_DATA,Iran threatens to go offensive in Strait of Hormuz if diplomacy fails,https://www.reuters.com/world/middle-east/iran-threatens-go-offensive-strait-hormuz-if-diplomacy-with-us-fails-2026-08-17/
SRC-6C64F6A3D5B7,OUTLET-AA437F617622,Tasnim News Agency,,GLOBAL_INTERNATIONAL,STATE_MEDIA,NOT_RATED,,,,C,2026-03-02,CLAIM_ORIGIN|OFFICIAL_STATEMENT,Number of Downed US Warplanes Rises to 3,https://www.tasnimnews.ir/en/news/2026/03/02/3529455/number-of-downed-us-warplanes-rises-to-3
SRC-6EB96703F633,OUTLET-234330834C41,Reuters,United Kingdom,EUROPE,WIRE_SERVICE,RATED,CENTER,CENTER,Very High,B,2026-08-20,OFFICIAL_STATEMENT|ECONOMIC_DATA|DIPLOMATIC_POSITION,Trump warns of economic consequences for any country that supports Iran,https://www.reuters.com/world/middle-east/trump-warns-economic-consequences-any-country-that-supports-iran-2026-08-20/
SRC-6ED7510CE93D,OUTLET-234330834C41,Reuters,United Kingdom,EUROPE,WIRE_SERVICE,RATED,CENTER,CENTER,Very High,A,2026-07-13,INDEPENDENT_CONFIRMATION|OFFICIAL_STATEMENT,"Houthis fire missiles at Saudi Arabia, breaking years of calm",https://www.reuters.com/world/middle-east/yemeni-military-targets-sanaa-airport-runway-stop-iranian-plane-landing-defence-2026-07-13
SRC-6FEC9305D8FE,OUTLET-5FF27381AB8C,Qatar Ministry of Foreign Affairs,,GLOBAL_INTERNATIONAL,OFFICIAL_OR_TECHNICAL,NOT_APPLICABLE,,,,A,2026-04-26,OFFICIAL_STATEMENT|DIPLOMATIC_POSITION,Prime Minister and Minister of Foreign Affairs Receives Phone Call from Iran’s Foreign Minister,https://mofa.gov.qa/en/qatar/latest-articles/latest-news/details/2026/04/26/prime-minister-and-minister-of-foreign-affairs-receives-phone-call-from-iran%27s-foreign-minister
SRC-704574F8CB02,OUTLET-82E5A6211D59,Air Combat Command,,GLOBAL_INTERNATIONAL,OFFICIAL_OR_TECHNICAL,NOT_APPLICABLE,,,,A,2020-11-18,HISTORICAL_CONTEXT|PREWAR_PLANNING|CONTINUITY_EVIDENCE,USAFCENT upgrades CAOC while demonstrating distributed operations,https://www.acc.af.mil/News/Article-Display/Article/2419162/usafcent-upgrades-caoc-while-demonstrating-distributed-operations/
SRC-704B05BC4EF9,OUTLET-0091F2D6C75F,Calibre Defence,United Kingdom,EUROPE,PUBLISHER_OR_TECHNICAL_SOURCE,NOT_RATED,,,,B,2026-07-13,GEOLOCATION_ONLY|TECHNICAL_ANALYSIS,US CENTCOM marks first operational use of Corsair sea drones against Iran,https://www.calibredefence.co.uk/us-centcom-marks-first-operational-use-of-corsair-sea-drones-against-iran
SRC-7160505543FE,OUTLET-234330834C41,Reuters,United Kingdom,EUROPE,WIRE_SERVICE,RATED,CENTER,CENTER,Very High,B,2026-03-10,INDEPENDENT_CONFIRMATION|DIPLOMATIC_POSITION|LATER_OUTCOME,Qatar wants to bolster security partnership with US after Iran strikes,https://www.reuters.com/world/middle-east/qatar-wants-bolster-security-partnership-with-us-after-irans-strikes-2026-03-10/
SRC-72E371C289C9,OUTLET-6F6CE80A78C7,The National,United Arab Emirates,MIDDLE_EAST_NORTH_AFRICA,NEWSPAPER,RATED,CENTER,CENTER,High,B,2026-08-12,REGIONAL_CORROBORATION|DIPLOMATIC_POSITION,Pakistan in final truce push as US-Iran deadline looms,https://www.thenationalnews.com/news/gulf/2026/08/12/pakistan-makes-final-truce-push-as-us-iran-deadline-looms/
SRC-733C755F8DC0,OUTLET-7B62913B395D,Press TV,Iran,MIDDLE_EAST_NORTH_AFRICA,STATE_MEDIA,NOT_RATED,,,,B,2026-03-31,CLAIM_ORIGIN|OFFICIAL_STATEMENT,"Iran warns of new false-flag attacks, denies reports of missile strike on Turkey",https://www.presstv.ir/Detail/2026/03/31/766133/Iran-warns-of-new-false-flag-attacks-denies-reports-of-missile-strike-on-Turkey
SRC-739B61482DE5,OUTLET-F64C1A998ED0,Anadolu Agency,Türkiye,EUROPE,PUBLISHER_OR_TECHNICAL_SOURCE,NOT_RATED,,,,B,2026-04-06,CLAIM_ORIGIN,Iran raises suspicion of uranium theft plot after clashes with US forces,https://www.aa.com.tr/en/middle-east/iran-raises-suspicion-of-uranium-theft-plot-after-clashes-with-us-forces/3895088
SRC-744CF2CF4573,OUTLET-C8070CD309F8,AFP Fact Check,,GLOBAL_INTERNATIONAL,PUBLISHER_OR_TECHNICAL_SOURCE,NOT_RATED,,,,A,2026-03,DEBUNK|MEDIA_FORENSICS,Video does not prove Iranian strike on U.S. destroyer; footage is RIMPAC 2022,https://factcheck.afp.com/doc.afp.com.A2AL99E
SRC-7471ECB26165,OUTLET-234330834C41,Reuters,United Kingdom,EUROPE,WIRE_SERVICE,RATED,CENTER,CENTER,Very High,A,2026-04-05,INDEPENDENT_CONFIRMATION|COUNTEREVIDENCE|MATERIAL_LOSS,How a perilous US rescue mission in Iran nearly went off course,https://www.reuters.com/business/aerospace-defense/how-perilous-us-rescue-mission-iran-nearly-went-off-course-2026-04-05
SRC-7538CF574DDF,OUTLET-E8828C0131D4,Air & Space Forces Magazine,,GLOBAL_INTERNATIONAL,PUBLISHER_OR_TECHNICAL_SOURCE,NOT_RATED,,,,B,2026-06-05,BDA|CONTINUITY_EVIDENCE|TECHNICAL_ANALYSIS,Iran Severely Damaged US Air Ops Center in Qatar Soon After War Began,https://www.airandspaceforces.com/us-air-operations-center-qatar-severely-damaged-iran/
SRC-75B726B1EA91,OUTLET-89FF63CE8DF8,Associated Press,United States,NORTH_AMERICA,WIRE_SERVICE,RATED,LEAN LEFT,LEFT,High,B,,SHIPPING_DATA|INDEPENDENT_CONFIRMATION,AP Iran war escalation and Hormuz shipping report,https://apnews.com/article/iran-us-war-escalation-shipping-strait-hormuz-179973cfe1fb3fa1b7ea7b816648ad9c
SRC-760441289A12,OUTLET-7B62913B395D,Press TV,Iran,MIDDLE_EAST_NORTH_AFRICA,STATE_MEDIA,NOT_RATED,,,,B,2026-03-04,CLAIM_ORIGIN|OFFICIAL_STATEMENT,IRGC says it attacked U.S. destroyer and supply ship in Indian Ocean,https://www.presstv.ir/Detail/2026/03/04/764950/IRGC-says-dismantled-US-radar-in-Qatar-attacked-destroyer-in-Indian-Ocean
SRC-777D501C321D,OUTLET-234330834C41,Reuters,United Kingdom,EUROPE,WIRE_SERVICE,RATED,CENTER,CENTER,Very High,B,2026-03-20,FORCE_POSTURE|INDEPENDENT_CONFIRMATION,"US to deploy thousands of additional troops to Middle East, officials say",https://www.reuters.com/world/us-deploy-thousands-additional-troops-middle-east-officials-say-2026-03-20/
SRC-77D13A92FD64,OUTLET-234330834C41,Reuters,United Kingdom,EUROPE,WIRE_SERVICE,RATED,CENTER,CENTER,Very High,B,2026-03-22,CLAIM_ORIGIN|DIPLOMATIC_POSITION,Trump threatens Iran with power plant strikes over Hormuz blockade,https://www.reuters.com/world/middle-east/trump-threatens-iran-with-power-plant-strikes-over-hormuz-blockade-2026-03-22/
SRC-77EEF3BA2193,OUTLET-ABB53D22F576,U.S. Air Force / Shaw AFB,,GLOBAL_INTERNATIONAL,OFFICIAL_OR_TECHNICAL,NOT_APPLICABLE,,,,A,2011-05-25,ECONOMIC_DATA|TECHNICAL_ANALYSIS,Team Shaw welcomes Third Army,https://www.shaw.af.mil/News/Article-Display/Article/213298/team-shaw-welcomes-third-army/
SRC-7831E5A00A7B,OUTLET-234330834C41,Reuters,United Kingdom,EUROPE,WIRE_SERVICE,RATED,CENTER,CENTER,Very High,B,2026-08-20,OFFICIAL_STATEMENT|ECONOMIC_DATA|DIPLOMATIC_POSITION,"Bessent says US will impose toughest ever sanctions on Iran, urges China to cooperate",https://www.reuters.com/world/middle-east/us-treasury-secretary-bessent-hold-press-conference-iran-on-monday-2026-08-20/
SRC-7920A7C9C230,OUTLET-5FF27381AB8C,Qatar Ministry of Foreign Affairs,,GLOBAL_INTERNATIONAL,OFFICIAL_OR_TECHNICAL,NOT_APPLICABLE,,,,A,2026-04-13,OFFICIAL_STATEMENT|DIPLOMATIC_POSITION,Prime Minister and Minister of Foreign Affairs Receives Call from Iran FM,https://mofa.gov.qa/en/qatar/latest-articles/latest-news/details/2026/04/13/prime-minister-and-minister-of-foreign-affairs-receives-call-from-iran-fm
SRC-79DFD5D661A7,OUTLET-BDA13920ED11,AWS Registry of Open Data / Capella Space,,GLOBAL_INTERNATIONAL,PUBLISHER_OR_TECHNICAL_SOURCE,NOT_RATED,,,,A,,SATELLITE_IMAGERY|BACKGROUND_ONLY,Capella Space Synthetic Aperture Radar (SAR) Open Dataset,https://registry.opendata.aws/capella_opendata
SRC-7ABCD4FF1258,OUTLET-0DB254895C54,FEMA,,GLOBAL_INTERNATIONAL,OFFICIAL_OR_TECHNICAL,NOT_RATED,,,,A,2008-01-01,TECHNICAL_ANALYSIS|ECONOMIC_DATA,Public Assistance Policy Digest — Repair or Replacement 50% Rule,https://www.fema.gov/sites/default/files/2020-07/fema_publication_321_policy_digest_01_01_08.pdf
SRC-7CDC817909BB,OUTLET-234330834C41,Reuters,United Kingdom,EUROPE,WIRE_SERVICE,RATED,CENTER,CENTER,Very High,A,2026-04-05,CLAIM_ORIGIN|INDEPENDENT_CONFIRMATION|COUNTEREVIDENCE,Iran says several enemy aircraft destroyed during US pilot rescue mission,https://www.reuters.com/world/middle-east/iran-says-several-enemy-flying-objects-destroyed-during-us-pilot-rescue-mission-2026-04-05
SRC-7DBD5E47A6BC,OUTLET-234330834C41,Reuters,United Kingdom,EUROPE,WIRE_SERVICE,RATED,CENTER,CENTER,Very High,A,2026-08-24,DIPLOMATIC_POSITION|SANCTIONS_RESPONSE|CHINA,China vows to protect its rights as US readies Iran sanction,https://www.reuters.com/world/china/china-vows-protect-its-rights-us-readies-iran-sanction-2026-08-24/
SRC-7E2DE3FC127A,OUTLET-7B62913B395D,Press TV,Iran,MIDDLE_EAST_NORTH_AFRICA,STATE_MEDIA,NOT_RATED,,,,C,2026-04-07,CLAIM_ORIGIN,Press TV Exclusive: U.S. suffered strategic defeat in failed Isfahan operation,https://www.presstv.ir/Detail/2026/04/07/766446/press-tv-exclusive-us-suffered-strategic-defeat-failed-isfshan-operation
SRC-7EC6E3912A73,OUTLET-47634209A0F9,U.S. Department of the Army,,GLOBAL_INTERNATIONAL,OFFICIAL_OR_TECHNICAL,NOT_APPLICABLE,,,,A,2024-03-08,ECONOMIC_DATA|TECHNICAL_ANALYSIS,FY 2025 Military Construction — McAlester AAP Ammunition Demolition Shop,https://www.asafm.army.mil/Portals/72/Documents/BudgetMaterial/2025/Base%20Budget/Military%20Construction/Regular%20Army%20Military%20Construction%20Army%2C%20Army%20Family%20Housing%20and%20Homeowners%20Assistance.pdf
SRC-7F8C51C69FF9,OUTLET-6F6CE80A78C7,The National,United Arab Emirates,MIDDLE_EAST_NORTH_AFRICA,NEWSPAPER,RATED,CENTER,CENTER,High,B,2026-08-13,REGIONAL_CORROBORATION|SHIPPING_DATA|CLAIM_ORIGIN,UAE condemns attack on two ADNOC ships in Strait of Hormuz,https://www.thenationalnews.com/news/uae/2026/08/13/uae-condemns-attack-on-two-adnoc-ships-in-strait-of-hormuz/
SRC-80791B854E19,OUTLET-89FF63CE8DF8,Associated Press,United States,NORTH_AMERICA,WIRE_SERVICE,RATED,LEAN LEFT,LEFT,High,A,2026-08-12,INDEPENDENT_CONFIRMATION|FORCE_POSTURE|LATER_OUTCOME|PREWAR_PLANNING,Officials say US forces on track to complete Iraq pullout by Sept. 30,https://apnews.com/article/7d050ff17a0c52298207bd9e60851fcd
SRC-81A981954F88,OUTLET-E87C470D2388,Naval News,,GLOBAL_INTERNATIONAL,NEWS_OUTLET,NOT_RATED,,,,B,2025-04-08,HISTORICAL_CONTEXT|TECHNICAL_ANALYSIS,Lithuanian Navy Procures Two Fast Attack Crafts Armed with SPIKE NLOS,https://www.navalnews.com/naval-news/2025/04/lithuanian-navy-procures-two-fast-attack-crafts-armed-with-spike-nlos/
SRC-824548DBBB68,OUTLET-234330834C41,Reuters,United Kingdom,EUROPE,WIRE_SERVICE,RATED,CENTER,CENTER,Very High,B,2026-08-20,ECONOMIC_DATA|BACKGROUND_ONLY,Trump threatens to isolate Iran: who are its trading partners?,https://www.reuters.com/business/energy/trump-threatens-isolate-iran-who-are-its-trading-partners-2026-08-20/
SRC-82BAC5BDEA6C,OUTLET-BB18A28A3443,"U.S. Department of State, Office of the Historian",,GLOBAL_INTERNATIONAL,OFFICIAL_OR_TECHNICAL,NOT_APPLICABLE,,,,A,1970-12-07,COST_MODEL|HISTORICAL_CONTEXT,F-4s for Iran,https://history.state.gov/historicaldocuments/frus1969-76ve04/d103
SRC-82DCB357724B,OUTLET-7B62913B395D,Press TV,Iran,MIDDLE_EAST_NORTH_AFRICA,STATE_MEDIA,NOT_RATED,,,,B,2026-03-13,CLAIM_ORIGIN|OFFICIAL_STATEMENT,Iran dismisses reports of missile launch towards Turkey,https://www.presstv.ir/Detail/2026/03/13/765340/Iran-dismisses-reports-of-missile-launch-towards-Turkey
SRC-833C85C5A4D4,OUTLET-95979EBFCF64,Human Rights Watch,,GLOBAL_INTERNATIONAL,PUBLISHER_OR_TECHNICAL_SOURCE,NOT_RATED,,,,A,2026-07-28,SATELLITE_IMAGERY|INDEPENDENT_CONFIRMATION|BDA,Strikes Endangering Civilians in Yemen and Saudi Arabia,https://www.hrw.org/news/2026/07/28/strikes-endangering-civilians-in-yemen-and-saudi-arabia
SRC-84C62BAB5B65,OUTLET-6F6CE80A78C7,The National,United Arab Emirates,MIDDLE_EAST_NORTH_AFRICA,NEWSPAPER,RATED,CENTER,CENTER,High,B,2026-04-13,REGIONAL_CORROBORATION|SHIPPING_DATA|ECONOMIC_DATA,Risks to shipping high as US begins Strait of Hormuz blockade,https://www.thenationalnews.com/business/energy/2026/04/13/risks-to-shipping-high-as-us-begins-strait-of-hormuz-blockade/
SRC-8606F9274324,OUTLET-234330834C41,Reuters,United Kingdom,EUROPE,WIRE_SERVICE,RATED,CENTER,CENTER,Very High,B,2026-05-18,DIPLOMATIC_POSITION|CLAIM_ORIGIN,Pakistan hands US revised Iranian proposal for ending war,https://www.reuters.com/world/asia-pacific/pakistan-hands-us-revised-iranian-proposal-ending-war-2026-05-18/
SRC-87167CE9136F,OUTLET-234330834C41,Reuters,United Kingdom,EUROPE,WIRE_SERVICE,RATED,CENTER,CENTER,Very High,B,2026-02-28,INDEPENDENT_CONFIRMATION|CLAIM_ORIGIN,"Israel, US launch strikes on Iran",https://www.reuters.com/business/aerospace-defense/israel-us-launch-strikes-iran-2026-02-28/
SRC-877766ED3824,OUTLET-234330834C41,Reuters,United Kingdom,EUROPE,WIRE_SERVICE,RATED,CENTER,CENTER,Very High,B,2026-07-20,CASUALTY_CONFIRMATION,U.S. launches Iran strikes for ninth day as another American confirmed killed,https://www.reuters.com/world/middle-east/us-launches-iran-strikes-ninth-day-another-american-confirmed-killed-2026-07-20/
SRC-88034182D581,OUTLET-7B62913B395D,Press TV,Iran,MIDDLE_EAST_NORTH_AFRICA,STATE_MEDIA,NOT_RATED,,,,B,2026-03-15,CLAIM_ORIGIN|OFFICIAL_STATEMENT,US-made copy of Shahed drone used to stage false-flag attacks on region: Iran Armed Forces,https://www.presstv.ir/Detail/2026/03/15/765383/US-made-copy-of-Shahed-drone-used-to-stage-false-flag-attacks-on-region-Iran-Armed-Forces
SRC-887221921E34,OUTLET-234330834C41,Reuters,United Kingdom,EUROPE,WIRE_SERVICE,RATED,CENTER,CENTER,Very High,B,2026-03-02,SHIPPING_DATA|ECONOMIC_DATA|INDEPENDENT_CONFIRMATION,Middle East oil shipping costs surge as US-Iran conflict intensifies,https://www.reuters.com/world/middle-east/middle-east-oil-shipping-costs-surge-all-time-high-us-iran-conflict-intensifies-2026-03-02/
SRC-88F5D65E4AC0,OUTLET-5AB376D8ECBA,The Washington Post,United States,NORTH_AMERICA,NEWSPAPER,RATED,LEAN LEFT,LEFT,High,B,2006-04-21,HISTORICAL_CONTEXT|ECONOMIC_DATA,Russia Rejects U.S. Appeal on Iran,https://www.washingtonpost.com/archive/politics/2006/04/22/russia-rejects-us-appeal-on-iran-span-classbankheaddisputed-sale-of-missile-system-to-proceed-moscow-saysspan/b4ef9446-573e-46b7-8e0c-1b2d86bef85b/
SRC-8C302F9CD6F7,OUTLET-234330834C41,Reuters,United Kingdom,EUROPE,WIRE_SERVICE,RATED,CENTER,CENTER,Very High,A,2026-02-23,INDEPENDENT_CONFIRMATION|FORCE_POSTURE|PREWAR_PLANNING,"US military begins withdrawing from main base in northeast Syria, Syrian sources say",https://www.reuters.com/world/middle-east/us-military-begins-withdrawing-main-base-northeast-syria-syrian-sources-say-2026-02-23/
SRC-8E5FBD1AE0C0,OUTLET-234330834C41,Reuters,United Kingdom,EUROPE,WIRE_SERVICE,RATED,CENTER,CENTER,Very High,B,2026-06-01,DIPLOMATIC_POSITION|ECONOMIC_DATA,Iran eyes limited US deal to relieve economic strain and buy time,https://www.reuters.com/world/middle-east/iran-eyes-limited-us-deal-relieve-economic-strain-buy-time-2026-06-01/
SRC-9016A9DDF69F,OUTLET-234330834C41,Reuters,United Kingdom,EUROPE,WIRE_SERVICE,RATED,CENTER,CENTER,Very High,B,2026-08-21,ECONOMIC_DATA|SHIPPING_DATA|INDEPENDENT_CONFIRMATION,"Iranian oil offers to Chinese buyers fall as U.S. blockade bites, sources say",https://www.reuters.com/business/energy/iranian-oil-offers-chinese-buyers-fall-us-blockade-bites-sources-say-2026-08-21/
SRC-90DA8D027955,OUTLET-234330834C41,Reuters,United Kingdom,EUROPE,WIRE_SERVICE,RATED,CENTER,CENTER,Very High,B,2026-03-28,INDEPENDENT_CONFIRMATION|FORCE_POSTURE|BDA,Houthis enter Iran war as US Marines arrive in region,https://www.reuters.com/world/asia-pacific/yemens-houthis-enter-iran-war-with-attacks-israel-while-us-marines-arrive-region-2026-03-28/
SRC-9396B216601A,OUTLET-234330834C41,Reuters,United Kingdom,EUROPE,WIRE_SERVICE,RATED,CENTER,CENTER,Very High,A,2026-08-08,INDEPENDENT_CONFIRMATION|DIPLOMATIC_POSITION|LATER_OUTCOME,"Turkey, Pakistan, Saudi Arabia defence pact technically same as NATO Article 5, Turkish minister says",https://www.reuters.com/world/asia-pacific/turkey-pakistan-saudi-arabia-defence-pact-technically-same-natos-article-5-2026-08-08/
SRC-95219D950347,OUTLET-08D885F02A20,Lead Stories,,GLOBAL_INTERNATIONAL,PUBLISHER_OR_TECHNICAL_SOURCE,NOT_RATED,,,,B,2026-04-05,DEBUNK|MEDIA_FORENSICS,Fact Check: Image Does NOT Show American F-15 Crew Member After Rescue From Iran -- It’s AI-Generated,https://leadstories.com/hoax-alert/2026/04/fact-check-image-does-not-show-american-f15-crewmember-after-rescue-from-iran.html
SRC-96170CB468F4,OUTLET-234330834C41,Reuters,United Kingdom,EUROPE,WIRE_SERVICE,RATED,CENTER,CENTER,Very High,B,2026-07-18,CASUALTY_CONFIRMATION|INDEPENDENT_CONFIRMATION,Iran renews attacks on Gulf states after another night of U.S. strikes,https://www.reuters.com/world/middle-east/iran-renews-attacks-gulf-states-after-another-night-us-strikes-2026-07-18/
SRC-96222C18BBBB,OUTLET-9C08FBF4D989,AWS Registry of Open Data / Umbra,,GLOBAL_INTERNATIONAL,PUBLISHER_OR_TECHNICAL_SOURCE,NOT_RATED,,,,A,,SATELLITE_IMAGERY|BACKGROUND_ONLY,Umbra Synthetic Aperture Radar (SAR) Open Data,https://registry.opendata.aws/umbra-open-data
SRC-964B4BFA5400,OUTLET-BD01CECEA435,Emirates News Agency (WAM),United Arab Emirates,MIDDLE_EAST_NORTH_AFRICA,PUBLISHER_OR_TECHNICAL_SOURCE,NOT_RATED,,,,A,2026-03-31,OFFICIAL_STATEMENT|REGIONAL_CORROBORATION|TECHNICAL_ANALYSIS,"UAE air defences engage eight ballistic missiles, four cruise missiles, 36 UAVs",https://www.wam.ae/en/article/bzhbpg8-uae-air-defences-engage-eight-ballistic-missiles
SRC-980086328C21,OUTLET-234330834C41,Reuters,United Kingdom,EUROPE,WIRE_SERVICE,RATED,CENTER,CENTER,Very High,B,2026-08-22,SHIPPING_DATA|DIPLOMATIC_POSITION|INDEPENDENT_CONFIRMATION,Iran grants permission for a number of Iraqi oil tankers to pass through Hormuz,https://www.reuters.com/business/energy/iran-grants-permission-number-iraqi-oil-tankers-pass-through-hormuz-2026-08-22/
SRC-98738E8E4940,OUTLET-5AB376D8ECBA,The Washington Post,United States,NORTH_AMERICA,NEWSPAPER,RATED,LEAN LEFT,LEFT,High,A,2026-03-13,BDA|SATELLITE_IMAGERY,Satellite imagery maps structural damage across Iran,https://www.washingtonpost.com/investigations/2026/03/13/iran-damage-map-satellite-imagery
SRC-98A42AC97EEA,OUTLET-234330834C41,Reuters,United Kingdom,EUROPE,WIRE_SERVICE,RATED,CENTER,CENTER,Very High,A,2026-02-27,PREWAR_PLANNING|INDEPENDENT_CONFIRMATION|TECHNICAL_ANALYSIS,IAEA report says Iran stored highly enriched uranium at Isfahan tunnel complex,https://www.reuters.com/world/middle-east/iran-stored-highly-enriched-uranium-underground-site-iaea-report-says-2026-02-27/
SRC-9AD0DC8629DD,OUTLET-AA437F617622,Tasnim News Agency,,GLOBAL_INTERNATIONAL,STATE_MEDIA,NOT_RATED,,,,C,2026-04-03,CLAIM_ORIGIN,US Effort to Recover Downed Fighter Pilot Fails,https://www.tasnimnews.ir/en/news/2026/04/03/3555907/us-effort-to-recover-downed-fighter-pilot-fails
SRC-9AD88556FB4C,OUTLET-7B62913B395D,Press TV,Iran,MIDDLE_EAST_NORTH_AFRICA,STATE_MEDIA,NOT_RATED,,,,B,2026-04-03,CLAIM_ORIGIN|OFFICIAL_STATEMENT,"Iran downs two advanced US jets, including second F-35",https://www.presstv.ir/Detail/2026/04/03/766244/Another-advanced-US-je
SRC-9DECDDEFF7BE,OUTLET-F7157A064063,European Central Bank,,GLOBAL_INTERNATIONAL,PUBLISHER_OR_TECHNICAL_SOURCE,NOT_RATED,,,,A,2026-08-18,ECONOMIC_DATA|HISTORICAL_CONTEXT,Euro foreign exchange reference rates,https://www.ecb.europa.eu/stats/policy_and_exchange_rates/euro_reference_exchange_rates/html/index.en.html
SRC-9E2E8200E299,OUTLET-234330834C41,Reuters,United Kingdom,EUROPE,WIRE_SERVICE,RATED,CENTER,CENTER,Very High,A,2026-05-28,INDEPENDENT_CONFIRMATION|CLAIM_ORIGIN,Iran state TV says U.S. aircraft destroyed near Bushehr; no U.S. confirmation,https://www.reuters.com/world/middle-east/irans-state-tv-says-us-aircraft-destroyed-irans-bushehr-no-confirmation-us-2026-05-28
SRC-9EB7D0DCB798,OUTLET-234330834C41,Reuters,United Kingdom,EUROPE,WIRE_SERVICE,RATED,CENTER,CENTER,Very High,B,2026-08-11,CASUALTY_CONFIRMATION|INDEPENDENT_CONFIRMATION,Fatal attacks on ships in Red Sea/Gulf,https://www.reuters.com/world/china/three-killed-attacks-ships-red-sea-gulf-sources-say-2026-08-11/
SRC-A139BB200FD8,OUTLET-7B62913B395D,Press TV,Iran,MIDDLE_EAST_NORTH_AFRICA,STATE_MEDIA,NOT_RATED,,,,B,2026-04-19,CLAIM_ORIGIN|OFFICIAL_STATEMENT,‘Myth of US stealth fighters over’: Iranian hunter of US F-35 jet declares,https://www.presstv.ir/Detail/2026/04/19/767161/Myth-of-stealth-fighters-over-Iranian-hunter-of-US-F-35-jet
SRC-A1739E70EEDC,OUTLET-234330834C41,Reuters,United Kingdom,EUROPE,WIRE_SERVICE,RATED,CENTER,CENTER,Very High,B,2026-08-06,CASUALTY_CONFIRMATION,"Saudi Arabia expects imminent attacks from north and south, senior official says",https://www.reuters.com/world/middle-east/saudi-arabia-expects-imminent-attacks-north-south-senior-official-says-2026-08-06/
SRC-A1D1012045C0,OUTLET-5BF94C7247EB,Department of Defense Inspector General,,GLOBAL_INTERNATIONAL,OFFICIAL_OR_TECHNICAL,NOT_APPLICABLE,,,,A,2020-09-09,TECHNICAL_ANALYSIS|ECONOMIC_DATA,Audit of the F-35 Program Office’s Beyond Economical Repair Process for Parts,https://media.defense.gov/2020/sep/09/2002493541/-1/-1/1/dodig-2020-123.pdf
SRC-A28F817FCF49,OUTLET-234330834C41,Reuters,United Kingdom,EUROPE,WIRE_SERVICE,RATED,CENTER,CENTER,Very High,B,2026-07-20,CLAIM_ORIGIN|SHIPPING_DATA,Yemen’s Houthis declare naval blockade against Saudi Arabia,https://www.reuters.com/world/middle-east/yemens-houthis-declare-naval-blockade-against-saudi-arabia-statement-2026-07-20/
SRC-A2DF44867E0E,OUTLET-234330834C41,Reuters,United Kingdom,EUROPE,WIRE_SERVICE,RATED,CENTER,CENTER,Very High,B,2026-07-07,LATER_OUTCOME|ECONOMIC_DATA|DIPLOMATIC_POSITION,US oil prices jump after military launches strikes against Iran,https://www.reuters.com/business/energy/us-oil-prices-jump-after-us-military-launches-strikes-against-iran-2026-07-07/
SRC-A3FAF2999E6B,OUTLET-234330834C41,Reuters,United Kingdom,EUROPE,WIRE_SERVICE,RATED,CENTER,CENTER,Very High,B,2026-08-13,FORCE_POSTURE|SHIPPING_DATA|ECONOMIC_DATA,US eyes indefinite Iran naval blockade as oil supply shortfall deepens,https://www.reuters.com/world/middle-east/us-eyes-indefinite-iran-naval-blockade-oil-supply-shortfall-deepens-2026-08-13/
SRC-A56F4E9B7A5C,OUTLET-234330834C41,Reuters,United Kingdom,EUROPE,WIRE_SERVICE,RATED,CENTER,CENTER,Very High,B,2026-03-28,TECHNICAL_ANALYSIS|LATER_OUTCOME,"One month into Iran war, only hard choices for Trump",https://www.reuters.com/world/middle-east/one-month-into-iran-war-only-hard-choices-trump-2026-03-28/
SRC-A71BC15C30DB,OUTLET-234330834C41,Reuters,United Kingdom,EUROPE,WIRE_SERVICE,RATED,CENTER,CENTER,Very High,B,2026-05-20,SHIPPING_DATA|TECHNICAL_ANALYSIS|REGIONAL_CORROBORATION,Iran is consolidating control of Hormuz with island checkpoints and diplomatic deals,https://www.reuters.com/investigations/iran-is-consolidating-control-hormuz-with-island-checkpoints-diplomatic-deals-2026-05-20/
SRC-AA1020760411,OUTLET-8588B8C524E3,IMF,,GLOBAL_INTERNATIONAL,PUBLISHER_OR_TECHNICAL_SOURCE,NOT_RATED,,,,A,2026-07-01,ECONOMIC_DATA,IMF July 2026 WEO Update,https://www.elibrary.imf.org/abstract/book/9798229047999/CH001.xml
SRC-AB2381268A40,OUTLET-939785E7D945,U.S. Central Command,United States,NORTH_AMERICA,OFFICIAL_MILITARY,NOT_APPLICABLE,,,,A,2026-07-18,OFFICIAL_STATEMENT|CASUALTY_CONFIRMATION,CENTCOM statement on recently fallen/missing U.S. service members,https://www.centcom.mil/MEDIA/PUBLIC-RELEASES/Article/4549635/centcom-statement-on-recently-fallen-missing-us-service-members/
SRC-AC40CCC92A43,OUTLET-6F6CE80A78C7,The National,United Arab Emirates,MIDDLE_EAST_NORTH_AFRICA,NEWSPAPER,RATED,CENTER,CENTER,High,B,2026-08-20,REGIONAL_CORROBORATION|ECONOMIC_DATA|DIPLOMATIC_POSITION,Bessent vows to isolate Iran’s economy as US increases pressure on allies,https://www.thenationalnews.com/news/us/2026/08/20/bessent-iran-sanctions/
SRC-ADD074EC62A4,OUTLET-7B62913B395D,Press TV,Iran,MIDDLE_EAST_NORTH_AFRICA,STATE_MEDIA,NOT_RATED,,,,C,2026-06-14,CLAIM_ORIGIN|COUNTEREVIDENCE,"Resistance will not be cornered, Ghalibaf warns Israel",https://www.presstv.ir/Detail/2026/06/14/770448/Resistance-will-not-be-cornered-Ghalibaf-warns-Israel
SRC-AF45CA5FA4C9,OUTLET-234330834C41,Reuters,United Kingdom,EUROPE,WIRE_SERVICE,RATED,CENTER,CENTER,Very High,B,2026-06-30,ECONOMIC_DATA|SHIPPING_DATA|LATER_OUTCOME,Shell says Hormuz disruption shut off major share of monthly global LNG supply,https://www.reuters.com/business/energy/shell-expects-65-rise-global-lng-demand-by-2050-2026-06-30/
SRC-AF8FAEEE34BC,OUTLET-7B62913B395D,Press TV,Iran,MIDDLE_EAST_NORTH_AFRICA,STATE_MEDIA,NOT_RATED,,,,B,2026-03-25,CLAIM_ORIGIN|OFFICIAL_STATEMENT,IRGC air defense units shoot down hostile drone over southern Iran,https://www.presstv.ir/Detail/2026/03/25/765847/IRGC-air-defense-units-shoot-down-hostile-drone-over-southern-Iran
SRC-B106A3769146,OUTLET-234330834C41,Reuters,United Kingdom,EUROPE,WIRE_SERVICE,RATED,CENTER,CENTER,Very High,B,2026-03-04,INDEPENDENT_CONFIRMATION|CASUALTY_CONFIRMATION|BDA,Sri Lanka rescue reporting on IRIS Dena,https://www.reuters.com/world/asia-pacific/sri-lanka-rescues-30-people-board-distressed-iranian-ship-foreign-minister-says-2026-03-04/
SRC-B3BDC6765429,OUTLET-DD341FE52EBA,Haft Shahr Aria Consulting Engineers,,GLOBAL_INTERNATIONAL,PUBLISHER_OR_TECHNICAL_SOURCE,NOT_RATED,,,,C,,COST_MODEL|ECONOMIC_DATA,1405 building construction cost estimates,https://haftshahraria.com/articles/%D8%A8%D8%B1%D8%A2%D9%88%D8%B1%D8%AF-%D9%87%D8%B2%DB%8C%D9%86%D9%87-%D8%B3%D8%A7%D8%AE%D8%AA-%D8%B3%D8%A7%D8%AE%D8%AA%D9%85%D8%A7%D9%86
SRC-B3FFD2E97368,OUTLET-234330834C41,Reuters,United Kingdom,EUROPE,WIRE_SERVICE,RATED,CENTER,CENTER,Very High,B,2026-08-16,SHIPPING_DATA|COUNTEREVIDENCE,"Shipping via Hormuz slows after tanker attacks, data shows",https://www.reuters.com/world/middle-east/shipping-via-hormuz-strait-slows-after-tanker-attacks-data-shows-2026-08-16/
SRC-B413D0B32610,OUTLET-234330834C41,Reuters,United Kingdom,EUROPE,WIRE_SERVICE,RATED,CENTER,CENTER,Very High,A,2026-08-24,DIPLOMACY|HORMUZ_NEGOTIATION|SCHEDULED_VISIT,"Oman foreign minister to visit Tehran on Tuesday, Iranian foreign ministry says",https://www.reuters.com/world/asia-pacific/oman-foreign-minister-visit-tehran-tuesday-iranian-foreign-ministry-says-2026-08-24/
SRC-B4933A0EA8F4,OUTLET-234330834C41,Reuters,United Kingdom,EUROPE,WIRE_SERVICE,RATED,CENTER,CENTER,Very High,A,2026-03-30,INDEPENDENT_CONFIRMATION|OFFICIAL_STATEMENT,Iran confirms death of IRGC Navy commander Tangsiri,https://www.reuters.com/world/middle-east/iran-confirms-death-revolutionary-guards-navy-commander-tangsiri-statement-says-2026-03-30
SRC-B6B934C693E0,OUTLET-89FF63CE8DF8,Associated Press,United States,NORTH_AMERICA,WIRE_SERVICE,RATED,LEAN LEFT,LEFT,High,B,,SATELLITE_IMAGERY|BDA|INDEPENDENT_CONFIRMATION,AP satellite-photo review of damage at U.S.-linked Gulf bases,https://apnews.com/article/iran-us-war-satellite-photos-damage-uae-bahrain-4b5edabf4c8cc89a56150ca4f1b7c06f
SRC-B6BD666BCD4C,OUTLET-234330834C41,Reuters,United Kingdom,EUROPE,WIRE_SERVICE,RATED,CENTER,CENTER,Very High,B,2026-07-16,ECONOMIC_DATA,Most Gulf area economies face deeper downturns this year on Hormuz disruption,https://www.reuters.com/world/middle-east/most-gulf-area-economies-face-deeper-downturns-this-year-hormuz-disruption-2026-07-16/
SRC-B73D6749ACAD,OUTLET-23AED8EED38E,Associated Press via ABC News,,GLOBAL_INTERNATIONAL,NEWS_OUTLET,NOT_RATED,,,,B,,CASUALTY_CONFIRMATION|LATER_OUTCOME,AP/ABC News U.S. military death-toll reconstruction,https://abcnews.com/US/wireStory/us-military-death-toll-iran-war-rises-14-134728938
SRC-B7E80EBD97E4,OUTLET-234330834C41,Reuters,United Kingdom,EUROPE,WIRE_SERVICE,RATED,CENTER,CENTER,Very High,B,2026-08-21,ECONOMIC_DATA|DIPLOMATIC_POSITION|INDEPENDENT_CONFIRMATION,Iraq aims to boost oil output to 8-10 million bpd in six years,https://www.reuters.com/business/energy/iraq-aims-boost-oil-output-8-10-million-bpd-six-years-2026-08-21
SRC-BB3EED5C3240,OUTLET-89FF63CE8DF8,Associated Press,United States,NORTH_AMERICA,WIRE_SERVICE,RATED,LEAN LEFT,LEFT,High,B,2026-03-28,CASUALTY_CONFIRMATION,"AP regional war update, March 28",https://apnews.com/article/iran-us-israel-trump-lebanon-march-28-2026-0f919596403d2f851196451f4532717e
SRC-BB412D3385DF,OUTLET-234330834C41,Reuters,United Kingdom,EUROPE,WIRE_SERVICE,RATED,CENTER,CENTER,Very High,A,2026-08-24,DIPLOMACY|MEDIATION|PAKISTAN|US_IRAN_NEGOTIATION,"Pakistan's Munir spoke to Trump ahead of Tehran visit, sources say",https://www.reuters.com/world/asia-pacific/pakistans-munir-spoke-trump-ahead-tehran-visit-sources-say-2026-08-24/
SRC-BCB32C965F32,OUTLET-234330834C41,Reuters,United Kingdom,EUROPE,WIRE_SERVICE,RATED,CENTER,CENTER,Very High,A,2026-08-12,INDEPENDENT_CONFIRMATION|DIPLOMATIC_POSITION|LATER_OUTCOME,"UK, Italy among states considered to verify Hezbollah disarmament, sources say",https://www.reuters.com/world/asia-pacific/uk-italy-among-states-considered-verify-hezbollah-disarmament-sources-say-2026-08-12/
SRC-BD807ACB7FF3,OUTLET-7F64C89EC90F,Center for Strategic and International Studies (CSIS),,GLOBAL_INTERNATIONAL,PUBLISHER_OR_TECHNICAL_SOURCE,NOT_RATED,,,,B,2026-03-27,TECHNICAL_ANALYSIS|MUNITIONS_EXPENDITURE|COST_MODEL,The 850 Tomahawks Launched in Operation Epic Fury Is the Most Fired in a Single Campaign,https://www.csis.org/analysis/850-tomahawks-launched-operation-epic-fury-most-fired-single-campaign
SRC-BF55B0FCC76D,OUTLET-234330834C41,Reuters,United Kingdom,EUROPE,WIRE_SERVICE,RATED,CENTER,CENTER,Very High,A,2026-08-24,SANCTIONS|US_POLICY|ECONOMIC_PRESSURE,"US threatens countries doing business with Iran, but holds off on penalties for now",https://www.reuters.com/world/middle-east/us-treasury-broaden-scope-secondary-sanctions-iran-source-says-2026-08-24/
SRC-BFCDC2B49D89,OUTLET-234330834C41,Reuters,United Kingdom,EUROPE,WIRE_SERVICE,RATED,CENTER,CENTER,Very High,B,2026-08-05,DIPLOMATIC_POSITION|SHIPPING_DATA,Proposed deal to reopen Hormuz exposes gaps over inspections and fees,https://www.reuters.com/world/middle-east/deal-reopen-hormuz-2026-08-05/
SRC-C00E5B404A2B,OUTLET-256FB806488B,Bellingcat,,GLOBAL_INTERNATIONAL,PUBLISHER_OR_TECHNICAL_SOURCE,NOT_RATED,,,,A,2026-04-24,BDA|INDEPENDENT_CONFIRMATION|TECHNICAL_ANALYSIS,“Make Iran Ungovernable” – Tracking Efforts To Destroy Iran’s Police Infrastructure,https://www.bellingcat.com/news/2026/04/24/make-iran-ungovernable-tracking-efforts-to-destroy-irans-police-infrastructure/
SRC-C092F7F591FC,OUTLET-89FF63CE8DF8,Associated Press,United States,NORTH_AMERICA,WIRE_SERVICE,RATED,LEAN LEFT,LEFT,High,B,2026-03-04,INDEPENDENT_CONFIRMATION|CASUALTY_CONFIRMATION|BDA,Associated Press reporting on IRIS Dena sinking,https://apnews.com/article/69191dde43154c5176a8aeacc9128748
SRC-C4AE952EE037,OUTLET-53ACA6C188B8,U.S. Bureau of Labor Statistics,,GLOBAL_INTERNATIONAL,OFFICIAL_OR_TECHNICAL,NOT_RATED,,,,A,2026-08-12,ECONOMIC_DATA|COST_MODEL,Consumer Price Index News Release - July 2026,https://www.bls.gov/news.release/archives/cpi_08122026.htm
SRC-C4FF4F823E1F,OUTLET-7F64C89EC90F,Center for Strategic and International Studies (CSIS),,GLOBAL_INTERNATIONAL,PUBLISHER_OR_TECHNICAL_SOURCE,NOT_RATED,,,,B,2026-06-23,TECHNICAL_ANALYSIS|ECONOMIC_DATA|MUNITIONS_EXPENDITURE|COST_MODEL,The War May Be Ending. What Did Epic Fury Cost?,https://www.csis.org/analysis/war-may-be-ending-what-did-epic-fury-cost
SRC-C595BD8471E7,OUTLET-234330834C41,Reuters,United Kingdom,EUROPE,WIRE_SERVICE,RATED,CENTER,CENTER,Very High,A,2026-07-23,INDEPENDENT_CONFIRMATION|CLAIM_ORIGIN|COUNTEREVIDENCE,"Iran flew IRGC commanders, missile gear to Yemen’s Houthis, sources say",https://www.reuters.com/world/middle-east/iran-flew-irgc-commanders-missile-gear-yemens-houthis-sources-say-2026-07-23
SRC-C5F2E7065110,OUTLET-89FF63CE8DF8,Associated Press,United States,NORTH_AMERICA,WIRE_SERVICE,RATED,LEAN LEFT,LEFT,High,B,2026-08-22,REGIONAL_CORROBORATION|ECONOMIC_DATA|DIPLOMATIC_POSITION,France and Saudi Arabia discuss alternatives to Hormuz and an energy/logistics task force,https://apnews.com/article/467d9b2970e0b9855ac9a68ef90c8e75
SRC-C623D3244404,OUTLET-89FF63CE8DF8,Associated Press,United States,NORTH_AMERICA,WIRE_SERVICE,RATED,LEAN LEFT,LEFT,High,A,2026-03,BDA|SATELLITE_IMAGERY|INDEPENDENT_CONFIRMATION,Satellite imagery shows damage at U.S. Gulf bases after Iranian strikes,https://apnews.com/article/4b5edabf4c8cc89a56150ca4f1b7c06f
SRC-C7C20E33BFCA,OUTLET-234330834C41,Reuters,United Kingdom,EUROPE,WIRE_SERVICE,RATED,CENTER,CENTER,Very High,A,2026-04-05,INDEPENDENT_CONFIRMATION|LATER_OUTCOME,U.S. rescues second airman whose F-15E was downed in Iran,https://www.reuters.com/world/middle-east/us-rescues-airman-whose-f-15-was-downed-iran-us-officials-say-2026-04-05
SRC-C869142454CE,OUTLET-234330834C41,Reuters,United Kingdom,EUROPE,WIRE_SERVICE,RATED,CENTER,CENTER,Very High,B,2026-08-21,SHIPPING_DATA|INDEPENDENT_CONFIRMATION,"Hormuz ship crossings hover in single digits, data shows",https://www.reuters.com/world/middle-east/hormuz-ship-crossings-hover-single-digits-data-shows-2026-08-21/
SRC-C9D560A79D68,OUTLET-A58014E022AF,The War Zone,,GLOBAL_INTERNATIONAL,PUBLISHER_OR_TECHNICAL_SOURCE,NOT_RATED,,,,B,2026-03-01,BDA|SATELLITE_IMAGERY|MATERIAL_LOSS,Iranian F-14 Tomcats Meet Their Doom In Israeli Airstrikes,https://www.twz.com/air/iranian-f-14-tomcats-meet-their-doom-in-israeli-airstrikes
SRC-CAC4D4DF4A81,OUTLET-234330834C41,Reuters,United Kingdom,EUROPE,WIRE_SERVICE,RATED,CENTER,CENTER,Very High,B,2026-08-20,ECONOMIC_DATA,Oil prices steady as investors assess US-Iran war outlook,https://www.reuters.com/business/energy/oil-prices-steady-investors-assess-us-iran-war-outlook-2026-08-20/
SRC-CAD44890437C,OUTLET-89FF63CE8DF8,Associated Press,United States,NORTH_AMERICA,WIRE_SERVICE,RATED,LEAN LEFT,LEFT,High,A,2026-04-10,INDEPENDENT_CONFIRMATION|BDA|LATER_OUTCOME,"By the numbers: US thrashed military targets in Iran, but some capabilities remain",https://apnews.com/article/iran-war-us-military-targets-israel-71c389bc3f308e7d00acce7adc74f528
SRC-CB6893671B1F,OUTLET-7B62913B395D,Press TV,Iran,MIDDLE_EAST_NORTH_AFRICA,STATE_MEDIA,NOT_RATED,,,,B,2026-04-05,CLAIM_ORIGIN|OFFICIAL_STATEMENT,Humiliating defeat: Iran destroys U.S. flying objects during pilot rescue mission,https://www.presstv.ir/Detail/2026/04/05/766340/Humiliating-defeat-Iran-destroys-US-flying-objects-during-pilot-rescue-mission
SRC-CC18DEA75017,OUTLET-AA437F617622,Tasnim News Agency,,GLOBAL_INTERNATIONAL,STATE_MEDIA,NOT_RATED,,,,B,2026-03-10,CLAIM_ORIGIN|OFFICIAL_STATEMENT,No Projectiles Fired from Iran toward Turkey: Araqchi,https://tasnimnews.ir/en/news/2026/03/10/3537163/no-projectiles-fired-from-iran-toward-turkey-araqchi
SRC-CC1AA98E096D,OUTLET-A51B5D59B93F,Iran International,,GLOBAL_INTERNATIONAL,BROADCASTER,NOT_RATED,,,,B,2026-04-04,REGIONAL_CORROBORATION|CORRECTION,Provincial IRGC denies second F-15 crewman was captured,https://www.iranintl.com/en/202604047103
SRC-CEBE7CCFF600,OUTLET-6664765973D6,U.S. Department of Defense,United States,NORTH_AMERICA,OFFICIAL_GOVERNMENT,NOT_APPLICABLE,,,,A,2024-09-27,OFFICIAL_STATEMENT|PREWAR_PLANNING|FORCE_POSTURE,Inherent Resolve Mission in Iraq and Syria Transitioning,https://www.defense.gov/News/News-Stories/Article/Article/3920032/inherent-resolve-mission-in-iraq-and-syria-transitioning/
SRC-CF8587C77F8D,OUTLET-234330834C41,Reuters,United Kingdom,EUROPE,WIRE_SERVICE,RATED,CENTER,CENTER,Very High,A,2026-08-16,INDEPENDENT_CONFIRMATION|COUNTEREVIDENCE,"Iran disputes Qatar, Kuwait accounts of captured Iranian personnel",https://www.reuters.com/world/middle-east/iran-says-qatar-delaying-probe-into-fate-iranian-pilots-tasnim-news-agency-2026-08-16
SRC-D129A9FA0378,OUTLET-939785E7D945,U.S. Central Command,United States,NORTH_AMERICA,OFFICIAL_MILITARY,NOT_APPLICABLE,,,,A,2019-10-01,HISTORICAL_CONTEXT|PREWAR_PLANNING,"Command and control of AFCENT from Shaw, not CAOC",https://www.centcom.mil/MEDIA/NEWS-ARTICLES/News-Article-View/Article/1976249/command-and-control-of-afcent-from-shaw-not-caoc/
SRC-D1D26F5E9AA2,OUTLET-234330834C41,Reuters,United Kingdom,EUROPE,WIRE_SERVICE,RATED,CENTER,CENTER,Very High,B,2026-05-04,CLAIM_ORIGIN,Iran’s Fars reports incident with US warship in Strait of Hormuz,https://www.reuters.com/world/middle-east/irans-fars-news-agency-reports-incident-with-us-warship-strait-hormuz-2026-05-04/
SRC-D1FD47FA9FE4,OUTLET-F64C1A998ED0,Anadolu Agency,Türkiye,EUROPE,PUBLISHER_OR_TECHNICAL_SOURCE,NOT_RATED,,,,B,2026-04-01,REGIONAL_CORROBORATION|TECHNICAL_ANALYSIS,"Iran maintains missile, drone strike pace despite US claims of degraded capabilities",https://m.aa.com.tr/en/middle-east/iran-maintains-missile-drone-strike-pace-despite-us-claims-of-degraded-capabilities/3888357
SRC-D4268D5E43FB,OUTLET-A33112BE53D4,Al Jazeera,Qatar,MIDDLE_EAST_NORTH_AFRICA,BROADCASTER,RATED,LEAN LEFT,LEFT,High,B,2026-06-27,REGIONAL_CORROBORATION|DIPLOMATIC_POSITION|LATER_OUTCOME,Israel-Lebanon deal ties ceasefire to Hezbollah disarmament: Will it work?,https://www.aljazeera.com/features/2026/6/27/israel-lebanon-deal-ties-ceasefire-to-hezbollah-disarmament-will-it-work
SRC-D43AA8AD0AEE,OUTLET-5AB376D8ECBA,The Washington Post,United States,NORTH_AMERICA,NEWSPAPER,RATED,LEAN LEFT,LEFT,High,A,1992-10-29,COST_MODEL|HISTORICAL_CONTEXT,U.S. Sought Saudi Aid on Iran Subs,https://www.washingtonpost.com/archive/politics/1992/10/30/us-sought-saudi-aid-on-iran-subs/69d21836-5135-4dd6-a00a-8b3fc8192ed1
SRC-D590DE3075A0,OUTLET-AA437F617622,Tasnim News Agency,,GLOBAL_INTERNATIONAL,STATE_MEDIA,NOT_RATED,,,,B,2026-04-01,CLAIM_ORIGIN|OFFICIAL_STATEMENT,Iran Rejects Claims of Missile Launch Toward Turkey,https://tasnimnews.ir/en/news/2026/04/01/3554024/iran-rejects-claims-of-missile-launch-toward-turkey
SRC-D5E73D346BF5,OUTLET-09909245C5DE,Bulgarian News Agency,Bulgaria,EUROPE,NEWS_AGENCY,NOT_RATED,,,,B,2026-08-22,FORCE_POSTURE|REGIONAL_CORROBORATION|OFFICIAL_STATEMENT,"US tanker aircraft left Bezmer and departed Bulgaria on Friday, defence minister says",https://www.bta.bg/en/news/world/1190068-us-tanker-aircraft-left-bezmer-and-departed-bulgaria-on-friday-defence-minister
SRC-D602E88FB9CB,OUTLET-89FF63CE8DF8,Associated Press,United States,NORTH_AMERICA,WIRE_SERVICE,RATED,LEAN LEFT,LEFT,High,A,2026-06-07,INDEPENDENT_CONFIRMATION|CLAIM_ORIGIN|COUNTEREVIDENCE,Israel says Iran launched missiles at it in first such bombardment since fragile ceasefire,https://apnews.com/article/28d80744e192ae0d5cce73a5a08af906
SRC-D667C4F6F47F,OUTLET-234330834C41,Reuters,United Kingdom,EUROPE,WIRE_SERVICE,RATED,CENTER,CENTER,Very High,A,2026-08-24,SHIPPING_DATA|HORMUZ|TRAFFIC_BASELINE,"Fewer than 20 ships transit key Strait of Hormuz over weekend, data shows",https://www.reuters.com/business/energy/fewer-than-20-ships-transit-key-strait-hormuz-over-weekend-data-shows-2026-08-24/
SRC-D678D7C35944,OUTLET-234330834C41,Reuters,United Kingdom,EUROPE,WIRE_SERVICE,RATED,CENTER,CENTER,Very High,A,2026-03-20,HISTORICAL_CONTEXT|TECHNICAL_ANALYSIS,How hard would it be to stop Iran's missile threat?,https://www.reuters.com/business/aerospace-defense/how-hard-would-it-be-stop-irans-missile-threat-2026-03-20/
SRC-D6F67C3C1DA1,OUTLET-234330834C41,Reuters,United Kingdom,EUROPE,WIRE_SERVICE,RATED,CENTER,CENTER,Very High,B,2026-08-14,ECONOMIC_DATA|SHIPPING_DATA|DIPLOMATIC_POSITION,US warns Iran it will step up economic pressure as ships attacked in Hormuz,https://www.reuters.com/world/middle-east/us-warns-iran-it-will-step-up-economic-pressure-two-more-ships-attacked-hormuz-2026-08-14/
SRC-D86835557005,OUTLET-7B62913B395D,Press TV,Iran,MIDDLE_EAST_NORTH_AFRICA,STATE_MEDIA,NOT_RATED,,,,B,2026-03-05,CLAIM_ORIGIN|OFFICIAL_STATEMENT,Iran rejects claim missile launched into Turkey,https://www.presstv.ir/Detail/2026/03/05/764974/Iran-rejects-claim-missile-launch-into-Turkey
SRC-D8EEF03F1475,OUTLET-234330834C41,Reuters,United Kingdom,EUROPE,WIRE_SERVICE,RATED,CENTER,CENTER,Very High,A,2026-05-04,INDEPENDENT_CONFIRMATION|CLAIM_ORIGIN|COUNTEREVIDENCE,U.S. says it destroyed six Iranian small boats; Iran denies losses,https://www.reuters.com/world/middle-east/us-destroys-six-iranian-small-boats-shoots-down-missiles-drones-us-admiral-says-2026-05-04
SRC-DB900429D8BC,OUTLET-7B62913B395D,Press TV,Iran,MIDDLE_EAST_NORTH_AFRICA,STATE_MEDIA,NOT_RATED,,,,B,2026-05-26,CLAIM_ORIGIN|OFFICIAL_STATEMENT,Technology achieved amid war enabled Iran to down 210 enemy aircraft: Defense Ministry,https://www.presstv.ir/Detail/2026/05/26/769312/Iran-targeted-210-enemy-aircraft-US-Israel-40-days-war
SRC-DBD040C6756B,OUTLET-234330834C41,Reuters,United Kingdom,EUROPE,WIRE_SERVICE,RATED,CENTER,CENTER,Very High,B,2026-08-13,OFFICIAL_STATEMENT|ECONOMIC_DATA,Bessent says US to apply measures never seen on Iran,https://www.reuters.com/world/middle-east/bessent-says-us-apply-measures-never-seen-iran-2026-08-13/
SRC-DC2397DD86A5,OUTLET-C518C74A02D8,U.S. Air Force Reserve Command,,GLOBAL_INTERNATIONAL,OFFICIAL_OR_TECHNICAL,NOT_APPLICABLE,,,,A,2018-04-01,ECONOMIC_DATA|TECHNICAL_ANALYSIS,C-130 Hercules Fact Sheet,https://www.afrc.af.mil/Portals/87/documents/Wing%20Documents/FACT%20SHEET%20-%20C-130%20Hercules.pdf
SRC-DDB039D3C975,OUTLET-234330834C41,Reuters,United Kingdom,EUROPE,WIRE_SERVICE,RATED,CENTER,CENTER,Very High,B,2026-04-30,SHIPPING_DATA|DIPLOMATIC_POSITION|FORCE_POSTURE,US seeks international help to reopen Strait of Hormuz,https://www.reuters.com/business/energy/us-seeks-international-help-reopen-strait-hormuz-crude-prices-surge-2026-04-30/
SRC-DE9E3EFD6572,OUTLET-234330834C41,Reuters,United Kingdom,EUROPE,WIRE_SERVICE,RATED,CENTER,CENTER,Very High,A,2026-08-24,MARITIME_ATTACK|RED_SEA|CLAIM_ORIGIN|CORROBORATION,Yemen's Houthis say they attacked ship off Saudi Arabia's Yanbu,https://www.reuters.com/world/middle-east/yemens-houthis-say-they-attacked-ship-off-saudi-arabias-yanbu-no-saudi-2026-08-24/
SRC-DEF105F2E818,OUTLET-E87C470D2388,Naval News,,GLOBAL_INTERNATIONAL,NEWS_OUTLET,NOT_RATED,,,,B,2021-01-07,HISTORICAL_CONTEXT|TECHNICAL_ANALYSIS,Egyptian Navy Commissions First Locally Built El Fateh-class Corvette,https://www.navalnews.com/naval-news/2021/01/egyptian-navy-commissions-first-locally-built-el-fateh-class-corvette/
SRC-DF5FAE990B74,OUTLET-234330834C41,Reuters,United Kingdom,EUROPE,WIRE_SERVICE,RATED,CENTER,CENTER,Very High,A,2026-08-23,DIPLOMATIC_POSITION|SANCTIONS_RESPONSE|NEGOTIATION_SIGNAL,Iran says new sanctions threatened by 'desperate' US will fail,https://www.reuters.com/world/asia-pacific/iran-says-new-sanctions-threatened-by-desperate-us-will-fail-2026-08-23/
SRC-DF7B6D820D63,OUTLET-234330834C41,Reuters,United Kingdom,EUROPE,WIRE_SERVICE,RATED,CENTER,CENTER,Very High,B,2026-06-17,DIPLOMATIC_POSITION|OFFICIAL_STATEMENT,Text of 14-point draft US-Iran deal,https://www.reuters.com/world/middle-east/14-point-draft-us-iran-deal-2026-06-17/
SRC-DFF12FB2C9ED,OUTLET-234330834C41,Reuters,United Kingdom,EUROPE,WIRE_SERVICE,RATED,CENTER,CENTER,Very High,B,2026-08-09,CASUALTY_CONFIRMATION,Yemen's Houthis resume attacks on Mocha port city,https://www.reuters.com/world/middle-east/yemens-houthis-resume-attacks-mocha-port-city-yemeni-military-spokesperson-says-2026-08-09/
SRC-E229B42C1EB1,OUTLET-234330834C41,Reuters,United Kingdom,EUROPE,WIRE_SERVICE,RATED,CENTER,CENTER,Very High,B,2026-08-14,SHIPPING_DATA|COUNTEREVIDENCE,Hormuz shipping traffic capped amid competing US-Iran claims,https://www.reuters.com/world/middle-east/hormuz-shipping-traffic-capped-amid-competing-claims-us-iran-2026-08-14/
SRC-E277CF2E03A3,OUTLET-939785E7D945,U.S. Central Command,United States,NORTH_AMERICA,OFFICIAL_MILITARY,NOT_APPLICABLE,,,,A,2026-02-07,OFFICIAL_STATEMENT|PREWAR_PLANNING|FORCE_POSTURE,CENTCOM Commander Visits Aircraft Carrier in Arabian Sea,https://www.centcom.mil/MEDIA/PUBLIC-RELEASES/Article/4399887/centcom-commander-visits-aircraft-carrier-in-arabian-sea/
SRC-E27CBB0AD0BC,OUTLET-234330834C41,Reuters,United Kingdom,EUROPE,WIRE_SERVICE,RATED,CENTER,CENTER,Very High,A,2026-06-26,INDEPENDENT_CONFIRMATION|DIPLOMATIC_POSITION|LATER_OUTCOME,"Israel, Lebanon sign initial agreement after US-mediated talks",https://www.reuters.com/world/middle-east/israel-drops-leaflets-over-south-lebanon-town-ordering-residents-leave-2026-06-26/
SRC-E2C1F6A340BA,OUTLET-C67DF0E10B6A,U.S. Department of the Treasury,,GLOBAL_INTERNATIONAL,OFFICIAL_OR_TECHNICAL,NOT_APPLICABLE,,,,A,2024-04-25,OFFICIAL_STATEMENT|ECONOMIC_DATA|TECHNICAL_ANALYSIS,Treasury Targets Networks Facilitating Illicit Trade and UAV Transfers on Behalf of Iranian Military,https://home.treasury.gov/news/press-releases/jy2295
SRC-E3DAD827ACAF,OUTLET-89FF63CE8DF8,Associated Press,United States,NORTH_AMERICA,WIRE_SERVICE,RATED,LEAN LEFT,LEFT,High,A,2026-04-06,INDEPENDENT_CONFIRMATION|COUNTEREVIDENCE,Risky rescue of US crew downed in Iran relied on dozens of aircraft and subterfuge,https://apnews.com/article/7d8cfb6d0fd400abdc71f8c9d67408fe
SRC-E5297E5894E1,OUTLET-3CDF7DE1DEF8,Arab News,Saudi Arabia,MIDDLE_EAST_NORTH_AFRICA,NEWSPAPER,NOT_RATED,,,,B,2026-08-21,DIPLOMATIC_POSITION|REGIONAL_CORROBORATION,"Iran, Oman discuss resuming talks and Hormuz navigation",https://www.arabnews.com/node/2655445/middle-east
SRC-E5E5CAFD91F0,OUTLET-AA437F617622,Tasnim News Agency,,GLOBAL_INTERNATIONAL,STATE_MEDIA,NOT_RATED,,,,B,2026-03-15,CLAIM_ORIGIN|OFFICIAL_STATEMENT,"Enemies Using Copies of Iranian Drone to Attack Regional Countries, Spokesman Warns",https://www.tasnimnews.ir/en/news/2026/03/15/3541317/enemies-using-copies-of-iranian-drone-to-attack-regional-countries-spokesman-warns
SRC-E67D759B3385,OUTLET-EC80EBA460F5,World Bank,,GLOBAL_INTERNATIONAL,INTERNATIONAL_ORGANIZATION,NOT_APPLICABLE,,,,A,2010-08-18,ECONOMIC_DATA|TECHNICAL_ANALYSIS,Karachi Port Improvement Project — Reconstruction of Berths 15 to 17A,https://documents1.worldbank.org/curated/en/305631468083329684/pdf/560320PAD0P1121C0dislcosed081181101.pdf
SRC-E6B1159781EB,OUTLET-6664765973D6,U.S. Department of Defense,United States,NORTH_AMERICA,OFFICIAL_GOVERNMENT,NOT_APPLICABLE,,,,A,2024-01-25,OFFICIAL_STATEMENT|PREWAR_PLANNING|COUNTEREVIDENCE,U.S.-Iraq Higher Military Commission Background Briefing,https://www.defense.gov/News/Transcripts/Transcript/Article/3656654/senior-defense-military-and-state-department-officials-hold-a-us-iraq-higher-mi/
SRC-E79574E72235,OUTLET-234330834C41,Reuters,United Kingdom,EUROPE,WIRE_SERVICE,RATED,CENTER,CENTER,Very High,B,2026-03-02,INDEPENDENT_CONFIRMATION|COUNTEREVIDENCE,"Pentagon tells Congress no sign Iran was going to attack US first, sources say",https://www.reuters.com/world/us/pentagon-tells-congress-no-sign-that-iran-was-going-attack-us-first-sources-say-2026-03-02/
SRC-E7CF466D7C4C,OUTLET-C9D74CA9FECD,Congressional Research Service,,GLOBAL_INTERNATIONAL,PUBLISHER_OR_TECHNICAL_SOURCE,NOT_RATED,,,,A,2026-06-03,OFFICIAL_STATEMENT|TECHNICAL_ANALYSIS|BDA|CASUALTY_CONFIRMATION,"The Arab Gulf States, the Iran Conflict, and U.S. Relations: In Brief",https://www.everycrsreport.com/files/2026-06-03_R48971_a456a73ab9da287746f46a13f7363d7d9e0386dd.pdf
SRC-EC7108BA23BE,OUTLET-234330834C41,Reuters,United Kingdom,EUROPE,WIRE_SERVICE,RATED,CENTER,CENTER,Very High,A,2026-04-06,CASUALTY_CONFIRMATION|INDEPENDENT_CONFIRMATION|LATER_OUTCOME,Which key Iranian figures have been killed in US-Israeli strikes?,https://www.reuters.com/world/middle-east/which-key-iranian-figures-have-been-killed-us-israeli-strikes-2026-04-06/
SRC-ED28D2A9BDC4,OUTLET-A58014E022AF,The War Zone,,GLOBAL_INTERNATIONAL,PUBLISHER_OR_TECHNICAL_SOURCE,NOT_RATED,,,,B,2026-03-06,BDA|MATERIAL_LOSS|SATELLITE_IMAGERY,Iranian Submarine Sunk By ATACMS Short Range Ballistic Missile,https://www.twz.com/land/iranian-submarine-sunk-by-atacms-short-range-ballistic-missile
SRC-ED911664A654,OUTLET-5FF27381AB8C,Qatar Ministry of Foreign Affairs,,GLOBAL_INTERNATIONAL,OFFICIAL_OR_TECHNICAL,NOT_APPLICABLE,,,,A,2026-03-03,OFFICIAL_STATEMENT|MATERIAL_LOSS,"Qatar Sends 2nd Identical Message to UN, UNSC Concerning Iranian Attack on Its Territory",https://mofa.gov.qa/en/qatar/latest-articles/latest-news/details/2026/03/03/qatar-sends-2nd-identical-message-to-un--unsc-concerning-iranian-attack-on-its-territory
SRC-EE4B64925CA5,OUTLET-3CDF7DE1DEF8,Arab News,Saudi Arabia,MIDDLE_EAST_NORTH_AFRICA,NEWSPAPER,NOT_RATED,,,,B,2026-04-08,REGIONAL_CORROBORATION|DIPLOMATIC_POSITION,Hope rises for Islamabad talks as Pakistan-mediated efforts lead to two-week US-Iran ceasefire,https://www.arabnews.com/node/2639171/pakistan
SRC-EF1D932D8488,OUTLET-234330834C41,Reuters,United Kingdom,EUROPE,WIRE_SERVICE,RATED,CENTER,CENTER,Very High,B,2026-05-05,OFFICIAL_STATEMENT|SHIPPING_DATA|DIPLOMATIC_POSITION,"Ten civilian sailors have died in Strait of Hormuz, Rubio says",https://www.reuters.com/world/china/ten-civilian-sailors-have-died-strait-hormuz-rubio-says-2026-05-05/
SRC-EF8EDACF7DA3,OUTLET-A33112BE53D4,Al Jazeera,Qatar,MIDDLE_EAST_NORTH_AFRICA,BROADCASTER,RATED,LEAN LEFT,LEFT,High,B,2026-06-08,REGIONAL_CORROBORATION|SATELLITE_IMAGERY|BDA,Satellite images show destruction from US-Israel war on Iran,https://www.aljazeera.com/amp/features/2026/6/8/satellite-images-show-destruction-of-the-us-israel-war-on-iran
SRC-F0035CD212FD,OUTLET-A33112BE53D4,Al Jazeera,Qatar,MIDDLE_EAST_NORTH_AFRICA,BROADCASTER,RATED,LEAN LEFT,LEFT,High,B,2026-02-28,REGIONAL_CORROBORATION|CLAIM_ORIGIN,"US, Israel attack Iran live: Khamenei killed, Tehran launches attacks",https://www.aljazeera.com/news/liveblog/2026/2/28/live-israel-launches-attacks-on-iran-multiple-explosions-heard-in-tehran
SRC-F0CD832C6472,OUTLET-89FF63CE8DF8,Associated Press,United States,NORTH_AMERICA,WIRE_SERVICE,RATED,LEAN LEFT,LEFT,High,B,2026-03-28,INDEPENDENT_CONFIRMATION|REGIONAL_CORROBORATION,Yemen’s Houthis enter Iran war with attacks on Israel,https://apnews.com/article/0f919596403d2f851196451f4532717e
SRC-F33E9E8FE450,OUTLET-234330834C41,Reuters,United Kingdom,EUROPE,WIRE_SERVICE,RATED,CENTER,CENTER,Very High,B,2026-08-21,DIPLOMATIC_POSITION|INDEPENDENT_CONFIRMATION,Iran says Tehran must overcome unjust sanctions as U.S. ramps up economic pressure,https://www.reuters.com/world/middle-east/iran-says-tehran-must-overcome-unjust-sanctions-us-ramps-up-economic-pressure-2026-08-21
SRC-F342B5872062,OUTLET-234330834C41,Reuters,United Kingdom,EUROPE,WIRE_SERVICE,RATED,CENTER,CENTER,Very High,B,2026-08-20,SHIPPING_DATA|COUNTEREVIDENCE,"Hormuz shipping unchanged amid US-Iran stalemate, data shows",https://www.reuters.com/world/middle-east/hormuz-shipping-unchanged-amid-us-iran-stalemate-data-shows-2026-08-20/
SRC-F4B26C97E520,OUTLET-A62F13D02946,TASS,,GLOBAL_INTERNATIONAL,PUBLISHER_OR_TECHNICAL_SOURCE,NOT_RATED,,,,C,2016-04-11,HISTORICAL_CONTEXT|ECONOMIC_DATA,Iran confirms delivery of first batch of Russia’s S-300 air defense missile systems,https://tass.com/defense/868633
SRC-F54E8612EADA,OUTLET-234330834C41,Reuters,United Kingdom,EUROPE,WIRE_SERVICE,RATED,CENTER,CENTER,Very High,B,2026-04-20,SHIPPING_DATA|DIPLOMATIC_POSITION|LATER_OUTCOME,World weighs fate of Middle East ceasefire after US seizes Iranian cargo ship,https://www.reuters.com/world/asia-pacific/world-weighs-fate-mideast-ceasefire-after-us-seizes-iranian-cargo-ship-2026-04-20/
SRC-F77A9718856E,OUTLET-234330834C41,Reuters,United Kingdom,EUROPE,WIRE_SERVICE,RATED,CENTER,CENTER,Very High,B,2026-05-18,DIPLOMATIC_POSITION|ECONOMIC_DATA|TECHNICAL_ANALYSIS,"No deal, no exit: how US-Iran standoff risks fresh conflict",https://www.reuters.com/world/middle-east/no-deal-no-exit-how-us-iran-standoff-risks-fresh-conflict-2026-05-18/
SRC-F820228892CB,OUTLET-234330834C41,Reuters,United Kingdom,EUROPE,WIRE_SERVICE,RATED,CENTER,CENTER,Very High,B,2026-02-27,INDEPENDENT_CONFIRMATION|COUNTEREVIDENCE|PREWAR_PLANNING,"Trump Iranian missile claim unsupported by US intelligence, sources say",https://www.reuters.com/business/aerospace-defense/urgent-trump-iranian-missile-claim-unsupported-by-us-intelligence-say-sources-2026-02-27/
SRC-F8AA5DA10F47,OUTLET-AA437F617622,Tasnim News Agency,,GLOBAL_INTERNATIONAL,STATE_MEDIA,NOT_RATED,,,,C,2026-04-03,CLAIM_ORIGIN,Reports Suggest Possible Capture of US Pilot after Warplane Downed in Iran,https://www.tasnimnews.ir/en/news/2026/04/03/3555882/reports-suggest-possible-capture-of-us-pilot-after-warplane-downed-in-iran
SRC-F8F12DF86B47,OUTLET-234330834C41,Reuters,United Kingdom,EUROPE,WIRE_SERVICE,RATED,CENTER,CENTER,Very High,B,2026-03-13,SHIPPING_DATA|ECONOMIC_DATA|TECHNICAL_ANALYSIS,Iran unleashes oil shock to blunt US firepower,https://www.reuters.com/world/middle-east/iran-unleashes-oil-shock-blunt-us-firepower-2026-03-13/
SRC-F9C4A35EE811,OUTLET-7F64C89EC90F,Center for Strategic and International Studies (CSIS),,GLOBAL_INTERNATIONAL,PUBLISHER_OR_TECHNICAL_SOURCE,NOT_RATED,,,,B,2026-03-04,TECHNICAL_ANALYSIS|MUNITIONS_EXPENDITURE|COST_MODEL,$3.7 Billion: Estimated Cost of Epic Fury's First 100 Hours,https://www.csis.org/analysis/37-billion-estimated-cost-epic-furys-first-100-hours
SRC-FA7CDDD722C0,OUTLET-35ADE2FDED04,Evergreen Intel,,GLOBAL_INTERNATIONAL,PUBLISHER_OR_TECHNICAL_SOURCE,NOT_RATED,,,,B,2026-03-06,BDA|GEOLOCATION_ONLY|SATELLITE_IMAGERY,Geolocation of destruction of F-27s and F-5s at Ahvaz,https://bsky.app/profile/vcdgf555.bsky.social/post/3mge4i5ne6s2e
SRC-FADB5E0A4585,OUTLET-08D885F02A20,Lead Stories,,GLOBAL_INTERNATIONAL,PUBLISHER_OR_TECHNICAL_SOURCE,NOT_RATED,,,,B,2026-04-03,DEBUNK|MEDIA_FORENSICS,Fact Check: Fake Video Does NOT Show Actual Images of Iran Shooting Down U.S. F-15 Fighter Jet,https://leadstories.com/hoax-alert/2026/04/fact-check-video-does-not-show-iran-shooting-down-us-f15-fighter-jet.html
SRC-FBB8378A0876,OUTLET-AA437F617622,Tasnim News Agency,,GLOBAL_INTERNATIONAL,STATE_MEDIA,NOT_RATED,,,,C,2026-03-02,CLAIM_ORIGIN,Iran Downs US Fighter Jet in First Such Incident in 27 Years,https://www.tasnimnews.ir/en/news/2026/03/02/3529288/iran-downs-us-fighter-jet-in-first-such-incident-in-27-years
SRC-FDAC11893E4C,OUTLET-7B62913B395D,Press TV,Iran,MIDDLE_EAST_NORTH_AFRICA,STATE_MEDIA,NOT_RATED,,,,B,2026-04-18,CLAIM_ORIGIN|OFFICIAL_STATEMENT,Iran downed 170 US and Israeli drones during war: commander,https://www.presstv.ir/Detail/2026/04/18/767116/Iran-commander-air-defense-forces-shot-down-enemy-drones-YS-Israwlu-aggression-
